postcode,totalprops,last14,average,median,avgtom
AB10,268,33,Â£725 pcm,Â£650 pcm,190 days
AB11,235,28,Â£725 pcm,Â£598 pcm,200 days
AB12,46,6,"Â£1,113 pcm",Â£962 pcm,196 days
AB13,5,1,"Â£1,385 pcm","Â£1,499 pcm",209 days
AB14,18,2,Â£874 pcm,Â£637 pcm,243 days
AB15,148,14,"Â£1,257 pcm","Â£1,001 pcm",243 days
AB16,22,3,Â£710 pcm,Â£624 pcm,146 days
AB21,50,8,Â£764 pcm,Â£663 pcm,204 days
AB22,26,5,Â£796 pcm,Â£737 pcm,208 days
AB23,13,2,Â£739 pcm,Â£650 pcm,228 days
AB24,219,29,Â£712 pcm,Â£600 pcm,201 days
AB25,178,19,Â£708 pcm,Â£625 pcm,241 days
AB30,3,2,"Â£1,007 pcm",Â£672 pcm,6 days
AB31,10,3,"Â£1,158 pcm",Â£995 pcm,40 days
AB32,18,0,"Â£1,025 pcm",Â£871 pcm,227 days
AB33,6,1,"Â£1,021 pcm","Â£1,122 pcm",263 days
AB34,3,1,Â£566 pcm,Â£500 pcm,37 days
AL1,131,33,"Â£1,300 pcm","Â£1,248 pcm",165 days
AL2,50,15,"Â£1,331 pcm","Â£1,300 pcm",93 days
AL3,63,13,"Â£1,813 pcm","Â£1,530 pcm",193 days
AL4,36,14,"Â£1,444 pcm","Â£1,298 pcm",170 days
AL5,93,14,"Â£1,882 pcm","Â£1,390 pcm",176 days
B1,172,33,Â£974 pcm,Â£850 pcm,147 days
B2,23,4,"Â£1,093 pcm","Â£1,025 pcm",146 days
B3,63,13,Â£867 pcm,Â£795 pcm,186 days
B4,21,7,"Â£1,377 pcm",Â£802 pcm,64 days
B5,140,21,Â£853 pcm,Â£784 pcm,181 days
B6,21,5,Â£512 pcm,Â£475 pcm,204 days
B7,10,1,Â£687 pcm,Â£464 pcm,202 days
B8,24,2,"Â£1,050 pcm",Â£737 pcm,237 days
B9,13,4,Â£617 pcm,Â£550 pcm,67 days
B10,20,3,Â£595 pcm,Â£541 pcm,148 days
B11,40,6,Â£556 pcm,Â£537 pcm,164 days
B12,42,5,Â£842 pcm,Â£702 pcm,224 days
B13,96,28,Â£837 pcm,Â£675 pcm,159 days
B14,54,16,Â£721 pcm,Â£702 pcm,123 days
B15,118,19,Â£988 pcm,Â£888 pcm,159 days
B16,272,34,Â£818 pcm,Â£695 pcm,182 days
B17,232,25,Â£942 pcm,Â£875 pcm,216 days
B18,76,12,Â£802 pcm,Â£750 pcm,220 days
B19,30,6,"Â£1,059 pcm",Â£649 pcm,111 days
B20,67,17,Â£631 pcm,Â£576 pcm,116 days
B21,20,5,Â£557 pcm,Â£598 pcm,142 days
B23,141,32,Â£566 pcm,Â£511 pcm,170 days
B24,58,11,Â£578 pcm,Â£453 pcm,199 days
B25,14,4,Â£618 pcm,Â£625 pcm,73 days
B26,26,6,Â£764 pcm,Â£676 pcm,136 days
B27,50,9,Â£676 pcm,Â£650 pcm,200 days
B28,28,4,Â£699 pcm,Â£694 pcm,164 days
B29,906,29,"Â£1,478 pcm","Â£1,227 pcm",338 days
B30,56,4,Â£845 pcm,Â£650 pcm,172 days
B31,73,18,Â£680 pcm,Â£650 pcm,148 days
B32,51,15,Â£698 pcm,Â£695 pcm,113 days
B33,46,8,Â£673 pcm,Â£636 pcm,157 days
B34,9,6,Â£936 pcm,Â£676 pcm,12 days
B35,3,2,Â£650 pcm,Â£650 pcm,14 days
B36,19,7,Â£677 pcm,Â£693 pcm,94 days
B37,14,3,Â£642 pcm,Â£673 pcm,89 days
B38,19,2,Â£750 pcm,Â£650 pcm,103 days
B40,0,0,-,-,-
B42,51,9,Â£727 pcm,Â£693 pcm,155 days
BA1,151,34,"Â£1,320 pcm","Â£1,150 pcm",126 days
BA2,128,37,"Â£1,448 pcm","Â£1,298 pcm",104 days
BA3,34,12,Â£894 pcm,Â£772 pcm,80 days
BA4,41,12,Â£826 pcm,Â£676 pcm,113 days
BA5,26,4,Â£687 pcm,Â£663 pcm,266 days
BA6,29,7,Â£712 pcm,Â£624 pcm,77 days
BA7,11,4,Â£761 pcm,Â£700 pcm,29 days
BA8,9,2,Â£873 pcm,Â£650 pcm,192 days
BA9,13,4,Â£885 pcm,Â£725 pcm,117 days
BA10,5,0,"Â£1,364 pcm","Â£1,200 pcm",177 days
BB1,53,13,Â£506 pcm,Â£451 pcm,173 days
BB2,93,21,Â£498 pcm,Â£451 pcm,152 days
BB3,77,15,Â£452 pcm,Â£425 pcm,123 days
BB4,69,13,Â£613 pcm,Â£524 pcm,90 days
BB5,157,28,Â£447 pcm,Â£429 pcm,96 days
BB6,43,5,Â£459 pcm,Â£429 pcm,107 days
BB7,56,13,Â£761 pcm,Â£590 pcm,146 days
BD1,261,37,Â£470 pcm,Â£451 pcm,154 days
BD2,56,8,Â£453 pcm,Â£465 pcm,157 days
BD3,52,8,Â£450 pcm,Â£451 pcm,129 days
BD4,78,8,Â£442 pcm,Â£425 pcm,129 days
BD5,59,7,Â£424 pcm,Â£400 pcm,125 days
BD6,36,7,Â£486 pcm,Â£495 pcm,58 days
BD7,187,22,Â£544 pcm,Â£394 pcm,226 days
BD8,66,10,Â£415 pcm,Â£397 pcm,150 days
BD9,76,12,Â£439 pcm,Â£400 pcm,176 days
BD10,36,15,Â£669 pcm,Â£538 pcm,49 days
BD11,8,5,Â£680 pcm,Â£576 pcm,136 days
BD12,18,5,Â£498 pcm,Â£450 pcm,65 days
BD13,41,8,Â£453 pcm,Â£425 pcm,62 days
BD14,14,3,Â£562 pcm,Â£572 pcm,121 days
BH1,156,24,Â£951 pcm,Â£824 pcm,156 days
BH2,98,22,Â£917 pcm,Â£825 pcm,145 days
BH3,22,4,Â£944 pcm,Â£711 pcm,153 days
BH4,76,19,"Â£1,007 pcm",Â£950 pcm,142 days
BH5,87,13,Â£848 pcm,Â£825 pcm,179 days
BH6,83,19,"Â£1,014 pcm",Â£850 pcm,150 days
BH7,31,9,Â£861 pcm,Â£785 pcm,116 days
BH8,114,30,"Â£1,042 pcm",Â£849 pcm,186 days
BH9,62,14,"Â£1,209 pcm","Â£1,075 pcm",139 days
BH10,22,4,"Â£1,195 pcm","Â£1,125 pcm",170 days
BH11,9,3,"Â£1,244 pcm","Â£1,148 pcm",108 days
BH12,66,17,Â£898 pcm,Â£750 pcm,172 days
BH13,98,15,"Â£2,043 pcm","Â£1,735 pcm",167 days
BL0,26,10,Â£644 pcm,Â£650 pcm,46 days
BL2,60,17,Â£518 pcm,Â£494 pcm,77 days
BL3,85,18,Â£615 pcm,Â£498 pcm,172 days
BL4,53,12,Â£492 pcm,Â£494 pcm,141 days
BL5,33,8,Â£620 pcm,Â£576 pcm,89 days
BN1,325,74,"Â£1,402 pcm","Â£1,274 pcm",169 days
BN2,276,64,"Â£1,586 pcm","Â£1,300 pcm",179 days
BN3,329,100,"Â£1,409 pcm","Â£1,200 pcm",152 days
BN5,10,3,"Â£2,841 pcm","Â£1,525 pcm",187 days
BN6,16,0,"Â£1,612 pcm","Â£1,300 pcm",207 days
BN7,40,10,"Â£1,489 pcm","Â£1,138 pcm",130 days
BN8,12,2,"Â£1,712 pcm","Â£1,276 pcm",117 days
BN9,17,7,Â£989 pcm,Â£995 pcm,79 days
BN10,30,13,"Â£1,054 pcm","Â£1,125 pcm",133 days
BN11,138,36,Â£843 pcm,Â£849 pcm,128 days
BN12,28,12,Â£980 pcm,Â£960 pcm,95 days
BN13,23,3,"Â£1,175 pcm","Â£1,050 pcm",174 days
BN14,40,13,"Â£1,012 pcm",Â£975 pcm,137 days
BN15,27,7,"Â£1,063 pcm",Â£997 pcm,88 days
BN16,31,4,"Â£1,051 pcm","Â£1,000 pcm",198 days
BN17,56,12,Â£986 pcm,Â£883 pcm,146 days
BN18,27,7,"Â£1,438 pcm","Â£1,148 pcm",103 days
BN20,42,4,Â£996 pcm,Â£813 pcm,166 days
BR1,215,53,"Â£1,313 pcm","Â£1,248 pcm",123 days
BR2,180,34,"Â£1,378 pcm","Â£1,200 pcm",155 days
BR3,212,64,"Â£1,324 pcm","Â£1,200 pcm",100 days
BR4,14,2,"Â£1,247 pcm","Â£1,299 pcm",69 days
BS0,0,0,-,-,-
BS1,107,26,"Â£1,311 pcm","Â£1,018 pcm",157 days
BS2,47,14,"Â£1,150 pcm",Â£923 pcm,172 days
BS3,69,33,Â£988 pcm,Â£900 pcm,118 days
BS4,50,17,Â£869 pcm,Â£794 pcm,152 days
BS5,59,17,Â£828 pcm,Â£750 pcm,114 days
BS6,86,32,"Â£1,092 pcm","Â£1,025 pcm",167 days
BS7,85,25,"Â£1,108 pcm",Â£949 pcm,142 days
BS8,128,38,"Â£1,275 pcm","Â£1,163 pcm",150 days
BS9,39,14,"Â£1,192 pcm",Â£901 pcm,127 days
BS10,41,9,Â£972 pcm,Â£950 pcm,119 days
BS11,13,4,Â£733 pcm,Â£802 pcm,230 days
BS13,8,3,Â£883 pcm,Â£849 pcm,70 days
BS14,21,8,Â£919 pcm,Â£901 pcm,103 days
BS15,59,18,Â£745 pcm,Â£750 pcm,154 days
BS16,115,29,Â£998 pcm,Â£875 pcm,133 days
BS20,70,17,Â£930 pcm,Â£849 pcm,88 days
BS21,38,7,Â£704 pcm,Â£650 pcm,202 days
BS22,19,6,Â£645 pcm,Â£676 pcm,174 days
BS23,60,20,Â£616 pcm,Â£579 pcm,101 days
BT1,44,7,Â£652 pcm,Â£610 pcm,161 days
BT2,4,0,"Â£1,106 pcm",Â£768 pcm,201 days
BT3,4,0,Â£856 pcm,Â£813 pcm,470 days
BT4,45,12,Â£621 pcm,Â£575 pcm,179 days
BT5,66,20,Â£589 pcm,Â£550 pcm,215 days
BT6,59,24,Â£601 pcm,Â£550 pcm,129 days
BT7,268,12,Â£886 pcm,Â£900 pcm,476 days
BT8,24,7,Â£674 pcm,Â£675 pcm,47 days
BT9,149,18,Â£861 pcm,Â£750 pcm,258 days
BT10,10,1,Â£743 pcm,Â£718 pcm,176 days
BT11,17,2,Â£558 pcm,Â£575 pcm,226 days
BT12,70,15,Â£524 pcm,Â£525 pcm,315 days
BT13,43,5,Â£458 pcm,Â£450 pcm,192 days
BT14,31,10,Â£479 pcm,Â£451 pcm,227 days
BT15,40,12,Â£629 pcm,Â£495 pcm,105 days
BT16,29,10,Â£598 pcm,Â£595 pcm,152 days
BT17,26,8,Â£636 pcm,Â£595 pcm,180 days
BT18,21,4,Â£924 pcm,Â£750 pcm,191 days
BT19,39,10,Â£688 pcm,Â£585 pcm,201 days
BT20,54,13,Â£546 pcm,Â£510 pcm,179 days
BT21,12,1,Â£691 pcm,Â£638 pcm,203 days
BT22,30,4,Â£538 pcm,Â£468 pcm,252 days
BT23,81,14,Â£596 pcm,Â£500 pcm,215 days
BT24,20,8,Â£539 pcm,Â£510 pcm,132 days
BT25,12,7,Â£508 pcm,Â£525 pcm,65 days
BT26,19,3,Â£822 pcm,Â£760 pcm,286 days
BT27,24,6,Â£571 pcm,Â£525 pcm,433 days
BT28,39,7,Â£628 pcm,Â£595 pcm,210 days
BT29,1,0,Â£700 pcm,Â£700 pcm,17 days
BT30,55,12,Â£531 pcm,Â£500 pcm,263 days
BT31,4,1,Â£499 pcm,Â£523 pcm,142 days
BT32,16,5,Â£477 pcm,Â£475 pcm,218 days
BT33,16,5,Â£563 pcm,Â£550 pcm,152 days
BT34,20,4,Â£457 pcm,Â£458 pcm,193 days
BT35,7,3,Â£514 pcm,Â£550 pcm,18 days
BT36,50,11,Â£522 pcm,Â£495 pcm,236 days
BT37,35,6,Â£495 pcm,Â£475 pcm,152 days
BT38,76,10,Â£504 pcm,Â£451 pcm,212 days
BT39,30,1,Â£663 pcm,Â£550 pcm,304 days
BT40,52,9,Â£481 pcm,Â£450 pcm,183 days
CA1,80,9,Â£512 pcm,Â£433 pcm,116 days
CA2,91,20,Â£465 pcm,Â£450 pcm,141 days
CA3,28,7,Â£498 pcm,Â£477 pcm,73 days
CA4,9,1,Â£658 pcm,Â£650 pcm,122 days
CA5,9,3,Â£728 pcm,Â£750 pcm,144 days
CA6,14,4,Â£399 pcm,Â£363 pcm,203 days
CA7,28,3,Â£431 pcm,Â£425 pcm,219 days
CA8,21,1,Â£519 pcm,Â£451 pcm,232 days
CA9,4,1,Â£416 pcm,Â£432 pcm,113 days
CA10,18,3,Â£642 pcm,Â£639 pcm,124 days
CA11,27,4,Â£571 pcm,Â£550 pcm,92 days
CA12,8,1,"Â£1,506 pcm","Â£1,173 pcm",142 days
CA13,25,9,Â£508 pcm,Â£498 pcm,55 days
CA14,59,3,Â£430 pcm,Â£394 pcm,128 days
CA15,22,1,Â£449 pcm,Â£423 pcm,132 days
CB1,239,46,"Â£1,322 pcm","Â£1,200 pcm",238 days
CB2,98,23,"Â£1,462 pcm","Â£1,374 pcm",209 days
CB3,42,5,"Â£1,258 pcm","Â£1,048 pcm",169 days
CB4,189,50,"Â£1,170 pcm",Â£995 pcm,181 days
CB5,53,13,"Â£1,348 pcm","Â£1,200 pcm",180 days
CB6,46,7,"Â£1,017 pcm",Â£890 pcm,219 days
CB7,43,11,Â£951 pcm,Â£875 pcm,94 days
CB8,63,20,"Â£1,212 pcm",Â£949 pcm,131 days
CF3,39,13,Â£772 pcm,Â£725 pcm,130 days
CF5,74,15,Â£759 pcm,Â£750 pcm,149 days
CF10,283,33,"Â£1,032 pcm",Â£845 pcm,186 days
CF11,166,43,Â£818 pcm,Â£738 pcm,181 days
CF14,227,31,Â£834 pcm,Â£750 pcm,171 days
CF15,12,1,Â£806 pcm,Â£720 pcm,178 days
CF23,96,24,Â£935 pcm,Â£823 pcm,124 days
CF24,981,108,"Â£1,274 pcm",Â£802 pcm,205 days
CF30,0,0,-,-,-
CF31,34,7,Â£640 pcm,Â£563 pcm,164 days
CF32,47,15,Â£596 pcm,Â£477 pcm,103 days
CF33,15,7,Â£543 pcm,Â£550 pcm,243 days
CF34,18,1,Â£448 pcm,Â£451 pcm,117 days
CF35,8,4,Â£615 pcm,Â£650 pcm,49 days
CF36,25,3,Â£707 pcm,Â£650 pcm,149 days
CF37,126,10,Â£720 pcm,Â£650 pcm,250 days
CF38,24,11,Â£641 pcm,Â£563 pcm,73 days
CF39,18,3,Â£455 pcm,Â£438 pcm,171 days
CF40,30,4,Â£434 pcm,Â£438 pcm,160 days
CF41,17,3,Â£394 pcm,Â£399 pcm,159 days
CH1,172,37,Â£850 pcm,Â£693 pcm,170 days
CH2,95,24,Â£805 pcm,Â£725 pcm,142 days
CH3,73,11,Â£949 pcm,Â£776 pcm,176 days
CH4,54,14,Â£788 pcm,Â£713 pcm,128 days
CH5,38,8,Â£676 pcm,Â£616 pcm,100 days
CH6,13,2,Â£616 pcm,Â£595 pcm,102 days
CH7,42,9,Â£644 pcm,Â£650 pcm,136 days
CH8,19,7,Â£635 pcm,Â£595 pcm,145 days
CH25,0,0,-,-,-
CH26,0,0,-,-,-
CH27,0,0,-,-,-
CH28,0,0,-,-,-
CH29,0,0,-,-,-
CH30,0,0,-,-,-
CH31,0,0,-,-,-
CH32,0,0,-,-,-
CH33,0,0,-,-,-
CH34,0,0,-,-,-
CH41,82,11,Â£482 pcm,Â£464 pcm,161 days
CM0,16,5,Â£903 pcm,Â£775 pcm,73 days
CM1,147,25,Â£957 pcm,Â£925 pcm,134 days
CM2,131,23,Â£998 pcm,Â£975 pcm,133 days
CM3,45,11,"Â£1,114 pcm","Â£1,050 pcm",135 days
CM4,45,4,"Â£1,253 pcm",Â£997 pcm,167 days
CM5,15,1,"Â£1,059 pcm","Â£1,100 pcm",133 days
CM6,52,15,Â£982 pcm,Â£863 pcm,180 days
CM7,122,36,Â£944 pcm,Â£813 pcm,127 days
CM8,40,11,Â£999 pcm,Â£850 pcm,135 days
CM9,22,4,Â£905 pcm,Â£888 pcm,129 days
CM11,26,6,"Â£1,493 pcm","Â£1,425 pcm",146 days
CM12,36,10,"Â£1,083 pcm","Â£1,050 pcm",103 days
CM13,69,16,"Â£1,338 pcm","Â£1,248 pcm",116 days
CM14,113,28,"Â£1,218 pcm","Â£1,150 pcm",187 days
CO1,90,19,Â£779 pcm,Â£739 pcm,164 days
CO2,213,34,Â£948 pcm,Â£875 pcm,136 days
CO3,60,9,Â£929 pcm,Â£863 pcm,99 days
CO4,168,24,"Â£1,028 pcm",Â£923 pcm,159 days
CO5,19,5,Â£971 pcm,Â£850 pcm,146 days
CO6,22,2,"Â£1,046 pcm",Â£885 pcm,239 days
CO7,42,10,"Â£1,423 pcm","Â£1,224 pcm",187 days
CO8,4,0,Â£930 pcm,Â£863 pcm,107 days
CR0,854,153,"Â£1,214 pcm","Â£1,150 pcm",127 days
CR2,168,32,"Â£1,180 pcm","Â£1,125 pcm",141 days
CR3,64,12,"Â£1,645 pcm","Â£1,148 pcm",173 days
CR4,171,37,"Â£1,381 pcm","Â£1,300 pcm",115 days
CR5,59,10,"Â£1,462 pcm","Â£1,200 pcm",202 days
CR6,13,2,"Â£1,040 pcm","Â£1,101 pcm",123 days
CT1,352,37,"Â£1,205 pcm","Â£1,101 pcm",184 days
CT2,135,17,"Â£1,252 pcm","Â£1,278 pcm",221 days
CT3,19,2,"Â£1,125 pcm",Â£997 pcm,123 days
CT4,35,8,"Â£1,512 pcm","Â£1,200 pcm",86 days
CT5,52,17,"Â£1,125 pcm",Â£986 pcm,118 days
CT6,35,15,Â£818 pcm,Â£750 pcm,37 days
CT7,12,4,Â£883 pcm,Â£936 pcm,100 days
CT8,13,4,Â£844 pcm,Â£675 pcm,179 days
CT9,128,40,Â£751 pcm,Â£650 pcm,104 days
CT10,51,14,"Â£1,047 pcm",Â£776 pcm,132 days
CT11,80,24,Â£770 pcm,Â£724 pcm,77 days
CV1,728,101,"Â£1,162 pcm","Â£1,001 pcm",207 days
CV2,332,61,Â£979 pcm,Â£849 pcm,159 days
CV3,221,41,"Â£1,046 pcm",Â£900 pcm,186 days
CV4,191,35,"Â£1,291 pcm","Â£1,195 pcm",182 days
CV5,220,24,Â£927 pcm,Â£772 pcm,172 days
CV6,189,39,Â£771 pcm,Â£693 pcm,120 days
CV7,35,6,"Â£1,005 pcm",Â£850 pcm,140 days
CV8,77,14,"Â£1,010 pcm",Â£900 pcm,153 days
CV9,29,7,Â£661 pcm,Â£624 pcm,140 days
CV10,52,13,Â£600 pcm,Â£594 pcm,99 days
CV11,53,5,Â£617 pcm,Â£524 pcm,163 days
CV12,16,7,Â£635 pcm,Â£576 pcm,104 days
CW1,126,23,Â£563 pcm,Â£522 pcm,139 days
CW2,120,20,Â£543 pcm,Â£498 pcm,164 days
CW3,15,3,Â£886 pcm,Â£693 pcm,190 days
CW4,19,6,"Â£1,424 pcm","Â£1,100 pcm",136 days
CW5,112,13,Â£834 pcm,Â£724 pcm,236 days
CW6,29,3,"Â£1,121 pcm",Â£897 pcm,274 days
CW7,54,14,Â£624 pcm,Â£595 pcm,169 days
DA1,100,26,"Â£1,025 pcm",Â£986 pcm,126 days
DA2,38,11,"Â£1,571 pcm","Â£1,200 pcm",124 days
DA3,14,3,"Â£1,450 pcm","Â£1,200 pcm",212 days
DA4,22,6,"Â£1,260 pcm","Â£1,250 pcm",89 days
DA5,29,9,"Â£1,151 pcm","Â£1,096 pcm",158 days
DA6,20,7,Â£919 pcm,Â£876 pcm,117 days
DA7,32,7,"Â£1,192 pcm","Â£1,159 pcm",112 days
DA8,60,18,"Â£1,019 pcm",Â£985 pcm,126 days
DA9,65,15,"Â£1,116 pcm","Â£1,049 pcm",140 days
DD1,80,18,Â£756 pcm,Â£686 pcm,130 days
DD2,129,27,Â£563 pcm,Â£520 pcm,105 days
DD3,107,21,Â£450 pcm,Â£425 pcm,131 days
DD4,93,20,Â£474 pcm,Â£451 pcm,135 days
DD5,32,9,Â£635 pcm,Â£612 pcm,133 days
DD6,9,0,"Â£1,176 pcm",Â£650 pcm,117 days
DE1,192,35,Â£870 pcm,Â£590 pcm,141 days
DE3,27,6,Â£703 pcm,Â£624 pcm,134 days
DE4,43,6,Â£624 pcm,Â£550 pcm,103 days
DE5,20,7,Â£514 pcm,Â£494 pcm,162 days
DE6,34,7,Â£769 pcm,Â£714 pcm,109 days
DE7,78,24,Â£515 pcm,Â£494 pcm,110 days
DE11,52,10,Â£544 pcm,Â£525 pcm,163 days
DE12,24,10,Â£693 pcm,Â£657 pcm,119 days
DE13,81,10,Â£667 pcm,Â£595 pcm,196 days
DE14,131,28,Â£488 pcm,Â£477 pcm,186 days
DE15,29,3,Â£668 pcm,Â£575 pcm,161 days
DE21,44,11,Â£539 pcm,Â£524 pcm,129 days
DG1,16,5,Â£470 pcm,Â£457 pcm,49 days
DG2,8,1,Â£536 pcm,Â£463 pcm,41 days
DG3,3,0,Â£568 pcm,Â£459 pcm,95 days
DG4,5,0,Â£372 pcm,Â£347 pcm,102 days
DG5,1,0,Â£560 pcm,Â£560 pcm,37 days
DG6,1,0,Â£450 pcm,Â£450 pcm,32 days
DG7,10,1,Â£456 pcm,Â£457 pcm,34 days
DG8,11,3,Â£426 pcm,Â£399 pcm,73 days
DH1,240,20,Â£988 pcm,Â£715 pcm,200 days
DH2,87,12,Â£460 pcm,Â£435 pcm,140 days
DH3,70,16,Â£484 pcm,Â£455 pcm,138 days
DH4,79,7,Â£552 pcm,Â£450 pcm,147 days
DH5,101,9,Â£447 pcm,Â£430 pcm,172 days
DH6,125,19,Â£490 pcm,Â£450 pcm,157 days
DL1,125,22,Â£471 pcm,Â£451 pcm,147 days
DL2,24,8,"Â£1,030 pcm",Â£642 pcm,160 days
DL3,153,30,Â£480 pcm,Â£420 pcm,192 days
DL4,78,10,Â£390 pcm,Â£377 pcm,163 days
DL5,49,9,Â£529 pcm,Â£477 pcm,150 days
DL6,17,8,Â£640 pcm,Â£598 pcm,84 days
DL7,16,4,Â£730 pcm,Â£650 pcm,65 days
DL8,28,5,Â£594 pcm,Â£540 pcm,120 days
DL9,16,5,Â£523 pcm,Â£513 pcm,188 days
DN1,176,19,Â£430 pcm,Â£425 pcm,229 days
DN2,70,8,Â£463 pcm,Â£425 pcm,205 days
DN3,37,4,Â£524 pcm,Â£524 pcm,366 days
DN4,191,29,Â£479 pcm,Â£451 pcm,257 days
DN5,67,6,Â£490 pcm,Â£451 pcm,244 days
DN6,51,4,Â£463 pcm,Â£433 pcm,224 days
DN7,24,4,Â£472 pcm,Â£490 pcm,212 days
DN8,17,2,Â£443 pcm,Â£450 pcm,210 days
DN9,21,6,Â£573 pcm,Â£550 pcm,156 days
DN10,15,4,Â£674 pcm,Â£624 pcm,219 days
DN11,31,5,Â£516 pcm,Â£498 pcm,172 days
DN12,32,6,Â£536 pcm,Â£463 pcm,219 days
DN14,64,11,Â£547 pcm,Â£512 pcm,118 days
DN15,43,9,Â£546 pcm,Â£524 pcm,134 days
DN16,39,6,Â£456 pcm,Â£477 pcm,133 days
DN17,27,5,Â£476 pcm,Â£494 pcm,120 days
DN18,16,1,Â£576 pcm,Â£538 pcm,216 days
DT1,51,11,Â£876 pcm,Â£800 pcm,135 days
DT2,39,8,Â£968 pcm,Â£850 pcm,86 days
DT3,19,8,Â£873 pcm,Â£750 pcm,75 days
DT4,64,12,Â£653 pcm,Â£650 pcm,165 days
DT5,36,4,Â£762 pcm,Â£763 pcm,133 days
DT6,44,11,Â£737 pcm,Â£694 pcm,96 days
DY1,76,16,Â£519 pcm,Â£524 pcm,112 days
DY2,69,10,Â£569 pcm,Â£535 pcm,183 days
DY3,19,4,Â£552 pcm,Â£525 pcm,124 days
DY4,46,9,Â£554 pcm,Â£510 pcm,161 days
DY5,88,22,Â£658 pcm,Â£525 pcm,150 days
DY6,23,6,Â£632 pcm,Â£640 pcm,63 days
DY7,13,3,"Â£1,056 pcm",Â£750 pcm,216 days
E1,"1,979",337,"Â£2,022 pcm","Â£1,842 pcm",136 days
E2,679,153,"Â£1,777 pcm","Â£1,733 pcm",127 days
E3,734,136,"Â£1,509 pcm","Â£1,430 pcm",149 days
E4,153,32,"Â£1,380 pcm","Â£1,248 pcm",122 days
E5,224,55,"Â£1,618 pcm","Â£1,524 pcm",122 days
E6,314,46,"Â£1,316 pcm","Â£1,300 pcm",174 days
E7,323,47,"Â£1,457 pcm","Â£1,369 pcm",175 days
E8,399,91,"Â£1,913 pcm","Â£1,824 pcm",129 days
E9,228,55,"Â£1,894 pcm","Â£1,820 pcm",123 days
E10,328,59,"Â£1,379 pcm","Â£1,296 pcm",146 days
EC1,696,129,"Â£2,692 pcm","Â£2,397 pcm",156 days
EC2,188,32,"Â£3,047 pcm","Â£2,503 pcm",194 days
EH1,55,13,"Â£1,719 pcm","Â£1,352 pcm",148 days
EH2,16,5,"Â£2,147 pcm","Â£1,950 pcm",214 days
EH3,199,36,"Â£1,751 pcm","Â£1,452 pcm",163 days
EH4,92,34,"Â£1,176 pcm","Â£1,049 pcm",105 days
EH5,36,14,"Â£1,035 pcm",Â£842 pcm,135 days
EH6,98,47,Â£927 pcm,Â£850 pcm,61 days
EH7,115,31,"Â£1,068 pcm",Â£900 pcm,140 days
EH8,55,17,"Â£1,260 pcm",Â£975 pcm,128 days
EH9,54,14,"Â£1,579 pcm","Â£1,250 pcm",165 days
EH10,57,13,"Â£1,253 pcm","Â£1,148 pcm",205 days
EH11,82,30,Â£933 pcm,Â£792 pcm,121 days
EH12,72,24,"Â£1,243 pcm",Â£958 pcm,115 days
EH13,7,3,Â£903 pcm,Â£802 pcm,78 days
EH14,21,12,"Â£1,144 pcm",Â£845 pcm,43 days
EH15,13,6,"Â£1,004 pcm",Â£932 pcm,83 days
EH16,28,9,Â£979 pcm,Â£935 pcm,158 days
EH17,8,2,Â£902 pcm,Â£831 pcm,174 days
EH18,0,0,-,-,-
EH19,6,4,Â£699 pcm,Â£688 pcm,84 days
EH20,2,0,Â£887 pcm,Â£887 pcm,281 days
EH21,21,13,Â£966 pcm,Â£795 pcm,61 days
EH22,13,5,Â£731 pcm,Â£700 pcm,88 days
EH23,2,2,Â£638 pcm,Â£638 pcm,6 days
EH24,0,0,-,-,-
EH25,0,0,-,-,-
EH26,6,2,Â£993 pcm,Â£889 pcm,38 days
EH27,0,0,-,-,-
EH28,0,0,-,-,-
EH29,4,2,Â£842 pcm,Â£752 pcm,28 days
EN1,208,38,"Â£1,364 pcm","Â£1,300 pcm",217 days
EN2,165,28,"Â£1,372 pcm","Â£1,200 pcm",193 days
EN3,201,39,"Â£1,172 pcm","Â£1,248 pcm",121 days
EN4,167,30,"Â£1,952 pcm","Â£1,352 pcm",167 days
EN5,235,36,"Â£1,834 pcm","Â£1,350 pcm",122 days
EN6,97,14,"Â£1,556 pcm","Â£1,300 pcm",89 days
EX1,56,20,Â£819 pcm,Â£785 pcm,183 days
EX2,114,29,Â£876 pcm,Â£849 pcm,157 days
EX3,9,3,"Â£1,136 pcm","Â£1,148 pcm",186 days
EX4,119,33,Â£827 pcm,Â£780 pcm,164 days
EX5,50,15,Â£885 pcm,Â£798 pcm,134 days
EX6,34,10,Â£910 pcm,Â£802 pcm,119 days
EX7,36,7,Â£701 pcm,Â£706 pcm,147 days
EX8,83,15,Â£782 pcm,Â£702 pcm,176 days
EX9,16,1,Â£879 pcm,Â£863 pcm,308 days
EX10,27,4,Â£843 pcm,Â£750 pcm,162 days
EX11,15,4,Â£786 pcm,Â£750 pcm,87 days
EX12,21,6,Â£654 pcm,Â£650 pcm,108 days
EX13,20,7,Â£774 pcm,Â£722 pcm,132 days
EX14,42,12,Â£695 pcm,Â£638 pcm,83 days
EX15,41,16,Â£747 pcm,Â£737 pcm,69 days
EX16,57,16,Â£739 pcm,Â£641 pcm,86 days
EX17,30,3,Â£737 pcm,Â£676 pcm,188 days
FK1,27,10,Â£512 pcm,Â£464 pcm,128 days
FK2,47,11,Â£512 pcm,Â£450 pcm,168 days
FK3,18,2,Â£433 pcm,Â£438 pcm,192 days
FK4,3,0,Â£462 pcm,Â£475 pcm,227 days
FK5,21,2,Â£554 pcm,Â£490 pcm,301 days
FK6,8,3,Â£468 pcm,Â£458 pcm,180 days
FK7,16,4,Â£641 pcm,Â£563 pcm,181 days
FK8,28,8,Â£815 pcm,Â£698 pcm,143 days
FK9,14,4,Â£769 pcm,Â£699 pcm,179 days
FK10,49,5,Â£508 pcm,Â£475 pcm,174 days
FK11,3,0,Â£634 pcm,Â£676 pcm,246 days
FY1,259,32,Â£456 pcm,Â£451 pcm,169 days
FY2,69,16,Â£544 pcm,Â£550 pcm,140 days
FY3,125,29,Â£555 pcm,Â£550 pcm,135 days
FY4,132,21,Â£486 pcm,Â£494 pcm,158 days
G1,97,27,Â£924 pcm,Â£850 pcm,153 days
G2,25,7,"Â£1,011 pcm",Â£897 pcm,106 days
G3,81,23,"Â£1,352 pcm","Â£1,050 pcm",130 days
G4,63,4,"Â£1,175 pcm",Â£832 pcm,133 days
G5,18,6,Â£797 pcm,Â£763 pcm,179 days
G9,0,0,-,-,-
G11,69,24,Â£985 pcm,Â£923 pcm,124 days
G12,97,28,"Â£1,269 pcm","Â£1,095 pcm",133 days
G13,35,9,Â£652 pcm,Â£625 pcm,180 days
G14,22,6,Â£544 pcm,Â£550 pcm,145 days
G15,2,1,Â£500 pcm,Â£500 pcm,161 days
G20,51,15,Â£727 pcm,Â£695 pcm,166 days
G21,14,6,Â£516 pcm,Â£512 pcm,76 days
G22,10,0,Â£689 pcm,Â£498 pcm,271 days
G23,4,1,Â£504 pcm,Â£522 pcm,60 days
G31,47,18,Â£609 pcm,Â£575 pcm,138 days
G32,41,6,Â£542 pcm,Â£495 pcm,155 days
G33,21,7,Â£607 pcm,Â£625 pcm,147 days
G34,4,1,Â£473 pcm,Â£485 pcm,196 days
G40,16,4,Â£537 pcm,Â£538 pcm,146 days
G41,63,19,Â£846 pcm,Â£650 pcm,160 days
G42,67,24,Â£605 pcm,Â£495 pcm,176 days
G43,19,6,Â£806 pcm,Â£625 pcm,148 days
G44,33,9,Â£565 pcm,Â£535 pcm,126 days
G45,11,2,Â£491 pcm,Â£475 pcm,216 days
G46,11,2,Â£896 pcm,Â£700 pcm,213 days
G51,31,11,Â£665 pcm,Â£598 pcm,113 days
G52,22,7,Â£553 pcm,Â£550 pcm,159 days
GL1,142,29,Â£612 pcm,Â£490 pcm,162 days
GL2,63,16,Â£735 pcm,Â£628 pcm,130 days
GL3,21,11,Â£747 pcm,Â£715 pcm,74 days
GL4,25,8,Â£808 pcm,Â£675 pcm,129 days
GL5,23,5,Â£807 pcm,Â£676 pcm,133 days
GL6,28,5,"Â£1,321 pcm",Â£826 pcm,186 days
GL7,134,29,"Â£1,320 pcm",Â£986 pcm,121 days
GL8,21,2,"Â£1,638 pcm",Â£875 pcm,156 days
GL9,5,0,"Â£1,011 pcm",Â£750 pcm,141 days
GL10,14,4,"Â£1,109 pcm",Â£860 pcm,94 days
GL11,17,3,"Â£1,010 pcm",Â£725 pcm,38 days
GL12,19,3,"Â£1,034 pcm",Â£795 pcm,106 days
GL13,5,1,Â£991 pcm,Â£833 pcm,315 days
GL14,11,2,Â£638 pcm,Â£595 pcm,91 days
GU1,245,27,"Â£1,553 pcm","Â£1,300 pcm",148 days
GU2,93,9,"Â£1,712 pcm","Â£1,395 pcm",171 days
GU3,21,1,"Â£3,136 pcm","Â£2,496 pcm",86 days
GU4,57,8,"Â£1,530 pcm","Â£1,300 pcm",121 days
GU5,33,4,"Â£3,713 pcm","Â£1,798 pcm",230 days
GU6,34,5,"Â£2,150 pcm","Â£1,772 pcm",130 days
GU7,96,25,"Â£1,282 pcm","Â£1,173 pcm",119 days
GU8,42,12,"Â£2,960 pcm","Â£2,225 pcm",82 days
GU9,49,11,"Â£1,271 pcm","Â£1,248 pcm",217 days
GU10,42,9,"Â£2,363 pcm","Â£1,863 pcm",151 days
GU11,38,12,Â£942 pcm,Â£898 pcm,135 days
GU12,41,13,"Â£1,025 pcm",Â£949 pcm,119 days
GU14,124,23,"Â£1,084 pcm",Â£996 pcm,154 days
GU15,118,22,"Â£1,464 pcm","Â£1,101 pcm",166 days
GU16,34,10,"Â£1,112 pcm",Â£999 pcm,88 days
GU17,17,4,"Â£1,240 pcm","Â£1,248 pcm",89 days
GU18,22,1,"Â£1,151 pcm",Â£973 pcm,146 days
GU19,14,0,"Â£1,151 pcm",Â£951 pcm,215 days
GU20,31,3,"Â£5,174 pcm","Â£2,850 pcm",139 days
GU21,216,33,"Â£1,290 pcm","Â£1,148 pcm",193 days
HA0,318,72,"Â£1,470 pcm","Â£1,400 pcm",123 days
HA1,530,91,"Â£1,456 pcm","Â£1,352 pcm",166 days
HA2,320,65,"Â£1,342 pcm","Â£1,300 pcm",146 days
HA3,566,94,"Â£1,413 pcm","Â£1,300 pcm",175 days
HA4,175,26,"Â£1,435 pcm","Â£1,352 pcm",158 days
HD1,322,13,Â£696 pcm,Â£550 pcm,167 days
HD2,65,9,Â£744 pcm,Â£498 pcm,143 days
HD3,83,16,Â£569 pcm,Â£524 pcm,163 days
HD4,140,17,Â£635 pcm,Â£505 pcm,153 days
HD5,91,15,Â£619 pcm,Â£498 pcm,156 days
HG1,146,25,Â£827 pcm,Â£701 pcm,177 days
HG2,96,16,Â£864 pcm,Â£750 pcm,187 days
HG3,59,13,"Â£1,133 pcm",Â£875 pcm,160 days
HP1,83,10,"Â£1,146 pcm","Â£1,096 pcm",150 days
HP2,104,18,"Â£1,034 pcm",Â£949 pcm,163 days
HP3,77,11,"Â£1,355 pcm","Â£1,127 pcm",171 days
HP4,62,15,"Â£1,560 pcm","Â£1,250 pcm",201 days
HP5,62,12,"Â£1,261 pcm","Â£1,148 pcm",192 days
HP6,39,7,"Â£1,606 pcm","Â£1,300 pcm",198 days
HP7,28,5,"Â£1,849 pcm","Â£1,525 pcm",113 days
HP8,17,2,"Â£2,433 pcm","Â£2,002 pcm",126 days
HP9,80,12,"Â£3,098 pcm","Â£2,350 pcm",218 days
HP10,28,6,"Â£1,570 pcm","Â£1,374 pcm",169 days
HP11,120,20,"Â£1,096 pcm",Â£950 pcm,148 days
HP12,70,18,"Â£1,039 pcm","Â£1,101 pcm",131 days
HR1,58,15,Â£737 pcm,Â£594 pcm,126 days
HR2,40,7,Â£665 pcm,Â£627 pcm,156 days
HR3,10,0,Â£657 pcm,Â£598 pcm,114 days
HR4,42,6,Â£628 pcm,Â£573 pcm,202 days
HR5,13,3,Â£514 pcm,Â£420 pcm,126 days
HS1,0,0,-,-,-
HS2,0,0,-,-,-
HS3,0,0,-,-,-
HS4,0,0,-,-,-
HS5,0,0,-,-,-
HU1,61,8,Â£647 pcm,Â£485 pcm,203 days
HU2,35,9,Â£485 pcm,Â£494 pcm,195 days
HU3,139,16,Â£418 pcm,Â£375 pcm,154 days
HU4,40,9,Â£473 pcm,Â£413 pcm,141 days
HU5,175,29,Â£461 pcm,Â£450 pcm,169 days
HU6,40,6,Â£471 pcm,Â£438 pcm,187 days
HU7,58,7,Â£544 pcm,Â£505 pcm,153 days
HU8,68,17,Â£409 pcm,Â£416 pcm,151 days
HU9,93,24,Â£459 pcm,Â£425 pcm,123 days
HU10,23,7,Â£572 pcm,Â£525 pcm,104 days
HX1,100,22,Â£539 pcm,Â£440 pcm,127 days
HX2,38,9,Â£471 pcm,Â£450 pcm,148 days
HX3,87,16,Â£549 pcm,Â£459 pcm,128 days
HX4,19,3,Â£507 pcm,Â£450 pcm,136 days
IG1,615,81,"Â£1,238 pcm","Â£1,200 pcm",168 days
IG2,258,35,"Â£1,296 pcm","Â£1,300 pcm",153 days
IG3,310,48,"Â£1,237 pcm","Â£1,171 pcm",164 days
IG4,43,7,"Â£1,362 pcm","Â£1,248 pcm",164 days
IG5,44,5,"Â£1,537 pcm","Â£1,574 pcm",177 days
IG6,132,33,"Â£1,427 pcm","Â£1,300 pcm",134 days
IP1,76,16,Â£697 pcm,Â£596 pcm,207 days
IP2,55,11,Â£588 pcm,Â£594 pcm,173 days
IP3,79,13,Â£716 pcm,Â£675 pcm,183 days
IP4,103,26,Â£708 pcm,Â£625 pcm,154 days
IP5,21,6,Â£854 pcm,Â£793 pcm,150 days
IP6,14,3,Â£771 pcm,Â£612 pcm,178 days
IP7,17,5,Â£829 pcm,Â£850 pcm,165 days
IP8,15,6,Â£721 pcm,Â£724 pcm,176 days
IP9,9,0,Â£719 pcm,Â£693 pcm,138 days
IP10,1,0,Â£849 pcm,Â£849 pcm,17 days
IP11,51,15,Â£651 pcm,Â£625 pcm,120 days
IP12,35,11,Â£921 pcm,Â£776 pcm,146 days
IP13,15,2,"Â£1,271 pcm",Â£950 pcm,69 days
IP14,55,9,Â£723 pcm,Â£650 pcm,183 days
IP15,5,0,Â£758 pcm,Â£611 pcm,213 days
IP16,19,4,"Â£1,109 pcm",Â£607 pcm,320 days
IP17,22,3,"Â£1,069 pcm",Â£802 pcm,121 days
IV1,7,3,Â£755 pcm,Â£750 pcm,83 days
IV2,31,12,Â£746 pcm,Â£724 pcm,79 days
IV3,8,2,Â£690 pcm,Â£596 pcm,104 days
IV4,5,2,Â£754 pcm,Â£750 pcm,125 days
IV5,0,0,-,-,-
IV6,2,1,Â£475 pcm,Â£475 pcm,10 days
IV7,0,0,-,-,-
IV8,1,0,Â£650 pcm,Â£650 pcm,14 days
IV9,0,0,-,-,-
IV10,1,1,Â£598 pcm,Â£598 pcm,0 days
IV11,1,0,Â£550 pcm,Â£550 pcm,31 days
IV12,8,1,Â£718 pcm,Â£688 pcm,84 days
IV13,0,0,-,-,-
IV14,0,0,-,-,-
IV15,10,2,Â£582 pcm,Â£563 pcm,259 days
IV16,0,0,-,-,-
IV17,1,0,Â£525 pcm,Â£525 pcm,16 days
IV18,1,0,Â£598 pcm,Â£598 pcm,35 days
IV19,1,0,Â£800 pcm,Â£800 pcm,371 days
IV20,0,0,-,-,-
IV21,0,0,-,-,-
IV22,0,0,-,-,-
IV23,0,0,-,-,-
IV24,0,0,-,-,-
IV25,1,0,Â£450 pcm,Â£450 pcm,684 days
KA1,64,9,Â£492 pcm,Â£425 pcm,212 days
KA2,1,0,Â£475 pcm,Â£475 pcm,58 days
KA3,49,5,Â£456 pcm,Â£450 pcm,270 days
KA4,6,1,Â£491 pcm,Â£438 pcm,216 days
KA5,12,1,Â£531 pcm,Â£486 pcm,128 days
KA6,17,2,Â£586 pcm,Â£524 pcm,160 days
KA7,64,12,Â£624 pcm,Â£550 pcm,152 days
KA8,53,5,Â£451 pcm,Â£440 pcm,200 days
KA9,22,1,Â£553 pcm,Â£484 pcm,169 days
KA10,27,3,Â£488 pcm,Â£425 pcm,180 days
KA11,12,2,Â£475 pcm,Â£446 pcm,191 days
KA12,18,2,Â£458 pcm,Â£451 pcm,98 days
KA13,12,4,Â£552 pcm,Â£485 pcm,176 days
KA14,1,0,Â£325 pcm,Â£325 pcm,631 days
KA15,8,0,Â£490 pcm,Â£395 pcm,444 days
KT1,300,48,"Â£1,784 pcm","Â£1,485 pcm",154 days
KT2,410,49,"Â£2,135 pcm","Â£1,551 pcm",158 days
KT3,200,37,"Â£1,878 pcm","Â£1,400 pcm",128 days
KT4,91,18,"Â£1,479 pcm","Â£1,400 pcm",131 days
KT5,139,27,"Â£1,572 pcm","Â£1,499 pcm",154 days
KT6,292,52,"Â£1,590 pcm","Â£1,354 pcm",147 days
KT7,22,3,"Â£1,611 pcm","Â£1,398 pcm",278 days
KT8,104,14,"Â£2,349 pcm","Â£1,551 pcm",229 days
KT9,32,8,"Â£1,281 pcm","Â£1,255 pcm",89 days
KT10,164,18,"Â£3,958 pcm","Â£3,549 pcm",212 days
KT11,142,12,"Â£4,506 pcm","Â£3,995 pcm",197 days
KT12,147,19,"Â£2,600 pcm","Â£1,495 pcm",188 days
KW1,6,5,Â£604 pcm,Â£574 pcm,64 days
KW2,0,0,-,-,-
KW3,1,0,Â£650 pcm,Â£650 pcm,69 days
KW5,0,0,-,-,-
KW6,0,0,-,-,-
KW7,0,0,-,-,-
KW8,0,0,-,-,-
KW9,0,0,-,-,-
KY1,71,13,Â£508 pcm,Â£475 pcm,200 days
KY2,24,3,Â£511 pcm,Â£486 pcm,151 days
KY3,13,3,Â£696 pcm,Â£498 pcm,131 days
KY4,16,1,Â£492 pcm,Â£475 pcm,162 days
KY5,10,3,Â£466 pcm,Â£463 pcm,162 days
KY6,16,5,Â£505 pcm,Â£494 pcm,168 days
KY7,21,4,Â£683 pcm,Â£495 pcm,118 days
KY8,51,11,Â£451 pcm,Â£400 pcm,203 days
KY9,1,0,"Â£1,000 pcm","Â£1,000 pcm",61 days
L1,219,27,Â£939 pcm,Â£750 pcm,169 days
L2,52,10,Â£812 pcm,Â£724 pcm,139 days
L3,336,48,Â£969 pcm,Â£750 pcm,207 days
L4,183,26,Â£447 pcm,Â£451 pcm,202 days
L5,62,9,Â£570 pcm,Â£452 pcm,186 days
L6,327,30,Â£890 pcm,Â£477 pcm,240 days
L7,329,29,Â£979 pcm,Â£524 pcm,221 days
L8,188,18,Â£856 pcm,Â£550 pcm,184 days
L9,98,20,Â£472 pcm,Â£451 pcm,160 days
L10,17,5,Â£592 pcm,Â£550 pcm,238 days
L11,30,5,Â£540 pcm,Â£537 pcm,146 days
L12,40,8,Â£655 pcm,Â£637 pcm,116 days
L13,97,17,Â£531 pcm,Â£495 pcm,167 days
L14,30,8,Â£563 pcm,Â£550 pcm,51 days
L15,357,23,"Â£1,286 pcm",Â£737 pcm,238 days
L16,9,1,Â£974 pcm,Â£949 pcm,189 days
L17,152,25,Â£993 pcm,Â£650 pcm,196 days
L18,103,9,"Â£1,193 pcm",Â£802 pcm,298 days
L19,45,12,Â£565 pcm,Â£550 pcm,163 days
L20,178,19,Â£436 pcm,Â£425 pcm,200 days
L21,64,9,Â£480 pcm,Â£477 pcm,187 days
L22,58,11,Â£536 pcm,Â£524 pcm,170 days
L23,40,11,Â£764 pcm,Â£676 pcm,161 days
L24,17,4,Â£520 pcm,Â£525 pcm,90 days
L25,53,10,Â£711 pcm,Â£702 pcm,158 days
LA1,225,29,Â£649 pcm,Â£550 pcm,182 days
LA2,50,8,Â£668 pcm,Â£599 pcm,174 days
LA3,57,13,Â£537 pcm,Â£477 pcm,133 days
LA4,78,9,Â£497 pcm,Â£494 pcm,152 days
LA5,23,3,Â£642 pcm,Â£576 pcm,171 days
LA6,23,5,Â£686 pcm,Â£650 pcm,187 days
LA7,8,3,Â£643 pcm,Â£650 pcm,24 days
LA8,8,3,Â£695 pcm,Â£688 pcm,147 days
LA9,61,12,Â£560 pcm,Â£550 pcm,166 days
LA10,4,1,Â£605 pcm,Â£573 pcm,72 days
LA11,16,1,Â£706 pcm,Â£643 pcm,206 days
LA12,40,10,Â£635 pcm,Â£595 pcm,102 days
LD1,14,3,Â£398 pcm,Â£386 pcm,265 days
LD2,15,2,Â£507 pcm,Â£525 pcm,100 days
LD3,35,6,Â£557 pcm,Â£550 pcm,191 days
LD4,0,0,-,-,-
LE1,195,20,Â£691 pcm,Â£594 pcm,259 days
LE2,360,74,Â£738 pcm,Â£650 pcm,202 days
LE3,211,35,Â£685 pcm,Â£598 pcm,165 days
LE4,95,20,Â£765 pcm,Â£702 pcm,102 days
LE5,108,25,Â£725 pcm,Â£650 pcm,162 days
LE6,14,5,"Â£1,002 pcm",Â£856 pcm,56 days
LE7,40,14,Â£984 pcm,Â£763 pcm,84 days
LE8,32,14,Â£729 pcm,Â£625 pcm,130 days
LE9,56,9,Â£732 pcm,Â£595 pcm,132 days
LE10,74,29,Â£680 pcm,Â£648 pcm,117 days
LE11,320,123,"Â£1,034 pcm",Â£780 pcm,129 days
LE12,63,15,Â£697 pcm,Â£650 pcm,155 days
LE13,44,10,Â£540 pcm,Â£568 pcm,106 days
LE14,23,7,Â£859 pcm,Â£600 pcm,93 days
LL11,69,9,Â£535 pcm,Â£495 pcm,119 days
LL12,33,7,Â£728 pcm,Â£625 pcm,89 days
LL13,74,9,Â£533 pcm,Â£525 pcm,101 days
LL14,41,5,Â£550 pcm,Â£525 pcm,66 days
LL15,12,0,Â£793 pcm,Â£650 pcm,408 days
LL16,16,3,Â£591 pcm,Â£500 pcm,187 days
LL17,11,3,Â£517 pcm,Â£450 pcm,120 days
LL18,65,10,Â£514 pcm,Â£498 pcm,173 days
LL19,16,2,Â£623 pcm,Â£597 pcm,141 days
LL20,11,1,Â£573 pcm,Â£500 pcm,55 days
LL21,2,0,Â£495 pcm,Â£495 pcm,244 days
LL22,19,3,Â£581 pcm,Â£581 pcm,110 days
LL23,0,0,-,-,-
LL24,0,0,-,-,-
LL25,1,1,Â£575 pcm,Â£575 pcm,4 days
LL26,4,0,Â£547 pcm,Â£533 pcm,217 days
LL27,0,0,-,-,-
LL28,13,1,Â£785 pcm,Â£695 pcm,171 days
LL29,39,10,Â£531 pcm,Â£495 pcm,158 days
LL30,24,6,Â£594 pcm,Â£575 pcm,146 days
LL31,11,2,Â£686 pcm,Â£650 pcm,116 days
LL32,10,4,Â£767 pcm,Â£700 pcm,94 days
LL33,9,2,Â£447 pcm,Â£460 pcm,117 days
LL34,8,1,Â£483 pcm,Â£495 pcm,75 days
LL35,0,0,-,-,-
LL36,2,0,Â£512 pcm,Â£512 pcm,37 days
LL37,0,0,-,-,-
LL38,0,0,-,-,-
LL39,0,0,-,-,-
LL40,6,0,Â£418 pcm,Â£425 pcm,135 days
LL41,5,0,Â£416 pcm,Â£400 pcm,66 days
LL42,0,0,-,-,-
LL43,0,0,-,-,-
LL44,0,0,-,-,-
LN1,135,17,Â£687 pcm,Â£563 pcm,223 days
LN2,135,23,Â£705 pcm,Â£594 pcm,182 days
LN3,7,5,Â£600 pcm,Â£624 pcm,11 days
LN4,37,12,Â£703 pcm,Â£693 pcm,139 days
LN5,172,15,Â£597 pcm,Â£477 pcm,191 days
LN6,51,12,Â£685 pcm,Â£650 pcm,153 days
LN7,11,2,Â£547 pcm,Â£481 pcm,281 days
LS1,79,12,Â£975 pcm,Â£897 pcm,165 days
LS2,164,16,"Â£1,053 pcm",Â£849 pcm,206 days
LS3,92,4,"Â£1,153 pcm",Â£910 pcm,289 days
LS4,192,19,Â£945 pcm,Â£761 pcm,262 days
LS5,47,11,Â£861 pcm,Â£695 pcm,197 days
LS6,"1,478",52,"Â£1,481 pcm","Â£1,387 pcm",334 days
LS7,111,16,Â£846 pcm,Â£795 pcm,189 days
LS8,118,24,Â£730 pcm,Â£595 pcm,145 days
LS9,134,26,Â£650 pcm,Â£625 pcm,216 days
LS10,98,29,Â£782 pcm,Â£702 pcm,168 days
LS11,123,12,Â£706 pcm,Â£598 pcm,335 days
LS12,122,22,Â£589 pcm,Â£550 pcm,170 days
LS13,56,13,Â£611 pcm,Â£598 pcm,161 days
LS14,46,11,Â£610 pcm,Â£611 pcm,172 days
LS15,33,13,Â£611 pcm,Â£550 pcm,99 days
LS16,72,15,"Â£1,077 pcm",Â£850 pcm,194 days
LU1,373,72,Â£877 pcm,Â£800 pcm,151 days
LU2,199,41,Â£964 pcm,Â£875 pcm,132 days
LU3,159,30,Â£914 pcm,Â£895 pcm,120 days
LU4,132,36,Â£959 pcm,Â£949 pcm,96 days
M1,322,60,"Â£1,068 pcm",Â£950 pcm,136 days
M2,17,2,"Â£1,317 pcm","Â£1,105 pcm",75 days
M3,267,68,"Â£1,197 pcm",Â£995 pcm,162 days
M4,215,54,Â£981 pcm,Â£900 pcm,165 days
M5,151,34,Â£856 pcm,Â£823 pcm,113 days
M6,177,21,Â£770 pcm,Â£498 pcm,167 days
M7,142,21,Â£825 pcm,Â£594 pcm,151 days
M8,68,19,Â£636 pcm,Â£624 pcm,112 days
M9,51,8,Â£673 pcm,Â£594 pcm,146 days
M11,43,14,Â£768 pcm,Â£725 pcm,134 days
M12,27,3,Â£662 pcm,Â£650 pcm,136 days
M13,85,11,"Â£1,072 pcm",Â£850 pcm,160 days
M14,379,53,"Â£1,165 pcm",Â£793 pcm,185 days
M15,212,45,"Â£1,018 pcm",Â£924 pcm,179 days
M16,104,25,Â£726 pcm,Â£655 pcm,147 days
M17,1,0,Â£900 pcm,Â£900 pcm,109 days
M18,43,8,Â£644 pcm,Â£624 pcm,90 days
M19,66,11,Â£866 pcm,Â£750 pcm,150 days
M20,281,75,Â£977 pcm,Â£875 pcm,121 days
M21,81,31,Â£997 pcm,Â£900 pcm,84 days
M22,73,19,Â£708 pcm,Â£700 pcm,168 days
M23,42,10,Â£738 pcm,Â£725 pcm,111 days
M24,37,6,Â£844 pcm,Â£550 pcm,146 days
ME1,72,18,Â£883 pcm,Â£850 pcm,134 days
ME2,51,16,Â£892 pcm,Â£823 pcm,147 days
ME3,19,4,"Â£1,179 pcm","Â£1,100 pcm",172 days
ME4,127,25,Â£836 pcm,Â£776 pcm,162 days
ME5,36,8,Â£799 pcm,Â£794 pcm,173 days
ME6,20,3,"Â£1,148 pcm",Â£949 pcm,98 days
ME7,213,47,Â£877 pcm,Â£823 pcm,163 days
ME8,41,11,Â£781 pcm,Â£776 pcm,131 days
ME9,19,3,"Â£1,132 pcm",Â£980 pcm,113 days
ME10,57,18,Â£762 pcm,Â£776 pcm,112 days
ME11,3,1,Â£958 pcm,"Â£1,001 pcm",30 days
MK1,3,1,Â£567 pcm,Â£585 pcm,33 days
MK2,19,6,Â£893 pcm,Â£871 pcm,119 days
MK3,32,6,"Â£1,016 pcm",Â£901 pcm,171 days
MK4,62,17,"Â£1,145 pcm",Â£985 pcm,116 days
MK5,35,11,"Â£1,454 pcm","Â£1,250 pcm",175 days
MK6,44,18,"Â£1,017 pcm",Â£925 pcm,118 days
MK7,43,13,Â£990 pcm,Â£895 pcm,96 days
MK8,27,7,Â£964 pcm,Â£932 pcm,82 days
MK9,89,12,"Â£1,101 pcm","Â£1,050 pcm",117 days
MK10,42,11,"Â£1,267 pcm","Â£1,195 pcm",103 days
MK11,17,5,"Â£1,004 pcm",Â£950 pcm,107 days
MK12,22,10,Â£905 pcm,Â£912 pcm,101 days
MK13,20,7,"Â£1,003 pcm",Â£873 pcm,119 days
MK14,20,3,"Â£1,372 pcm","Â£1,101 pcm",130 days
ML1,50,9,Â£485 pcm,Â£451 pcm,170 days
ML2,46,13,Â£462 pcm,Â£450 pcm,136 days
ML3,78,14,Â£477 pcm,Â£475 pcm,192 days
ML4,24,5,Â£433 pcm,Â£410 pcm,155 days
ML5,40,7,Â£490 pcm,Â£475 pcm,166 days
ML6,65,9,Â£491 pcm,Â£451 pcm,200 days
N1,"1,377",248,"Â£2,269 pcm","Â£2,145 pcm",169 days
N2,280,42,"Â£2,971 pcm","Â£1,712 pcm",149 days
N3,387,61,"Â£1,889 pcm","Â£1,551 pcm",129 days
N4,550,111,"Â£1,672 pcm","Â£1,473 pcm",138 days
N5,280,62,"Â£2,114 pcm","Â£1,831 pcm",129 days
N6,219,42,"Â£2,749 pcm","Â£1,733 pcm",140 days
N7,703,149,"Â£2,017 pcm","Â£1,820 pcm",155 days
N8,443,71,"Â£1,558 pcm","Â£1,452 pcm",120 days
N9,172,35,"Â£1,190 pcm","Â£1,149 pcm",163 days
N10,264,65,"Â£1,707 pcm","Â£1,473 pcm",120 days
N11,313,45,"Â£1,545 pcm","Â£1,452 pcm",166 days
N12,415,85,"Â£1,686 pcm","Â£1,452 pcm",151 days
NE1,437,25,"Â£1,162 pcm",Â£823 pcm,249 days
NE2,583,38,"Â£1,024 pcm",Â£825 pcm,278 days
NE3,263,47,Â£829 pcm,Â£724 pcm,142 days
NE4,503,43,Â£656 pcm,Â£550 pcm,205 days
NE5,97,8,Â£545 pcm,Â£498 pcm,138 days
NE6,504,38,Â£842 pcm,Â£691 pcm,288 days
NE7,49,6,Â£895 pcm,Â£750 pcm,195 days
NE8,278,49,Â£672 pcm,Â£516 pcm,180 days
NE9,77,17,Â£574 pcm,Â£525 pcm,111 days
NE10,70,12,Â£480 pcm,Â£451 pcm,190 days
NE11,30,6,Â£506 pcm,Â£497 pcm,96 days
NE12,60,11,Â£710 pcm,Â£650 pcm,178 days
NE13,38,6,Â£700 pcm,Â£597 pcm,115 days
NE15,77,17,Â£575 pcm,Â£524 pcm,158 days
NE16,41,8,Â£575 pcm,Â£500 pcm,142 days
NE17,15,1,Â£386 pcm,Â£377 pcm,120 days
NE18,4,0,Â£523 pcm,Â£513 pcm,509 days
NE19,5,0,Â£593 pcm,Â£550 pcm,136 days
NE20,35,8,"Â£1,522 pcm",Â£923 pcm,88 days
NE21,26,4,Â£516 pcm,Â£511 pcm,121 days
NE22,63,8,Â£386 pcm,Â£377 pcm,177 days
NE23,63,6,Â£507 pcm,Â£477 pcm,150 days
NE24,122,18,Â£424 pcm,Â£399 pcm,177 days
NE25,72,10,Â£490 pcm,Â£496 pcm,137 days
NE26,59,11,Â£725 pcm,Â£576 pcm,157 days
NE27,18,5,Â£717 pcm,Â£625 pcm,104 days
NE28,172,29,Â£466 pcm,Â£451 pcm,145 days
NE29,179,28,Â£484 pcm,Â£451 pcm,144 days
NE30,90,20,Â£708 pcm,Â£585 pcm,124 days
NE31,43,7,Â£467 pcm,Â£451 pcm,151 days
NE32,47,9,Â£472 pcm,Â£450 pcm,162 days
NE33,203,28,Â£469 pcm,Â£433 pcm,209 days
NE34,71,11,Â£484 pcm,Â£477 pcm,175 days
NG1,325,37,"Â£1,031 pcm",Â£800 pcm,235 days
NG2,170,32,Â£904 pcm,Â£695 pcm,198 days
NG3,135,22,Â£822 pcm,Â£650 pcm,167 days
NG4,47,11,Â£578 pcm,Â£550 pcm,147 days
NG5,104,43,Â£627 pcm,Â£576 pcm,152 days
NG6,46,17,Â£571 pcm,Â£525 pcm,122 days
NG7,552,52,Â£983 pcm,Â£650 pcm,225 days
NG8,75,10,Â£754 pcm,Â£675 pcm,226 days
NG9,208,45,Â£837 pcm,Â£663 pcm,149 days
NG10,58,16,Â£593 pcm,Â£576 pcm,121 days
NG12,18,5,Â£920 pcm,Â£698 pcm,132 days
NG13,26,3,Â£696 pcm,Â£650 pcm,122 days
NG14,9,6,Â£863 pcm,Â£724 pcm,72 days
NG15,54,9,Â£649 pcm,Â£550 pcm,183 days
NG16,66,16,Â£526 pcm,Â£497 pcm,146 days
NN1,197,43,Â£810 pcm,Â£700 pcm,112 days
NN2,85,13,"Â£1,312 pcm",Â£897 pcm,118 days
NN3,65,18,Â£758 pcm,Â£750 pcm,105 days
NN4,114,28,Â£825 pcm,Â£750 pcm,115 days
NN5,54,13,Â£747 pcm,Â£750 pcm,97 days
NN6,44,10,Â£953 pcm,Â£875 pcm,99 days
NN7,31,5,Â£993 pcm,Â£950 pcm,112 days
NN8,105,17,Â£645 pcm,Â£650 pcm,118 days
NN9,53,7,Â£681 pcm,Â£676 pcm,147 days
NN10,67,15,Â£695 pcm,Â£675 pcm,132 days
NP4,36,7,Â£458 pcm,Â£451 pcm,150 days
NP7,38,12,Â£702 pcm,Â£670 pcm,139 days
NP8,2,0,Â£868 pcm,Â£868 pcm,44 days
NP10,28,6,Â£690 pcm,Â£595 pcm,88 days
NP11,44,14,Â£496 pcm,Â£477 pcm,66 days
NP12,30,10,Â£478 pcm,Â£481 pcm,75 days
NP13,33,3,Â£438 pcm,Â£394 pcm,133 days
NP15,16,4,Â£716 pcm,Â£697 pcm,237 days
NP16,25,7,Â£863 pcm,Â£776 pcm,29 days
NR1,157,33,Â£749 pcm,Â£660 pcm,164 days
NR2,129,26,Â£842 pcm,Â£750 pcm,169 days
NR3,86,23,Â£676 pcm,Â£611 pcm,182 days
NR4,57,16,"Â£1,196 pcm","Â£1,200 pcm",113 days
NR5,127,15,"Â£1,163 pcm","Â£1,049 pcm",121 days
NR6,24,6,Â£818 pcm,Â£737 pcm,110 days
NR7,25,6,Â£816 pcm,Â£775 pcm,128 days
NR8,37,8,Â£706 pcm,Â£650 pcm,155 days
NR9,27,8,Â£851 pcm,Â£676 pcm,97 days
NR10,16,6,Â£822 pcm,Â£710 pcm,122 days
NR11,20,3,Â£724 pcm,Â£650 pcm,120 days
NR12,21,8,Â£827 pcm,Â£724 pcm,114 days
NR13,21,5,Â£747 pcm,Â£676 pcm,249 days
NR14,27,5,Â£826 pcm,Â£725 pcm,181 days
NR15,10,1,Â£914 pcm,Â£722 pcm,153 days
NR16,13,4,Â£867 pcm,Â£776 pcm,94 days
NR17,29,11,Â£925 pcm,Â£776 pcm,68 days
NR18,37,15,Â£751 pcm,Â£675 pcm,89 days
NW1,"2,103",284,"Â£3,394 pcm","Â£2,492 pcm",183 days
NW2,836,155,"Â£1,831 pcm","Â£1,517 pcm",128 days
NW3,"1,868",265,"Â£4,249 pcm","Â£2,817 pcm",162 days
NW4,782,103,"Â£1,738 pcm","Â£1,495 pcm",114 days
NW5,258,54,"Â£2,175 pcm","Â£1,842 pcm",151 days
NW6,"1,370",238,"Â£2,207 pcm","Â£1,733 pcm",151 days
OL1,31,5,Â£503 pcm,Â£495 pcm,75 days
OL2,38,8,Â£563 pcm,Â£510 pcm,102 days
OL3,20,6,Â£714 pcm,Â£610 pcm,90 days
OL4,40,12,Â£589 pcm,Â£495 pcm,120 days
OL5,25,6,Â£568 pcm,Â£550 pcm,131 days
OL6,39,9,Â£536 pcm,Â£524 pcm,152 days
OL7,19,6,Â£546 pcm,Â£546 pcm,69 days
OL8,29,6,Â£551 pcm,Â£500 pcm,97 days
OL9,12,4,Â£581 pcm,Â£498 pcm,88 days
OX1,173,17,"Â£2,117 pcm","Â£1,694 pcm",303 days
OX2,359,36,"Â£2,276 pcm","Â£1,798 pcm",290 days
OX3,298,24,"Â£1,618 pcm","Â£1,300 pcm",272 days
OX4,368,44,"Â£1,740 pcm","Â£1,352 pcm",253 days
OX5,75,14,"Â£1,271 pcm","Â£1,196 pcm",185 days
OX7,48,7,"£1,346 pcm",£901 pcm,138 days
OX9,43,3,"£1,218 pcm","£1,001 pcm",199 days
OX10,62,8,"£1,216 pcm","£1,050 pcm",150 days
OX11,82,14,"£1,106 pcm","£1,172 pcm",138 days
OX12,57,13,"£1,179 pcm",£949 pcm,137 days
OX13,35,6,"£1,309 pcm","£1,248 pcm",164 days
OX14,137,31,"£1,115 pcm","£1,027 pcm",144 days
OX15,37,13,"£1,424 pcm","£1,049 pcm",67 days
PA1,97,19,£421 pcm,£400 pcm,155 days
PA2,48,7,£498 pcm,£475 pcm,185 days
PA3,27,6,£431 pcm,£425 pcm,122 days
PA4,43,8,£531 pcm,£475 pcm,171 days
PA5,28,4,£441 pcm,£420 pcm,144 days
PA6,7,0,£874 pcm,£849 pcm,177 days
PA7,0,0,-,-,-
PA8,8,4,£611 pcm,£550 pcm,106 days
PA9,2,0,£602 pcm,£602 pcm,211 days
PA10,6,2,£559 pcm,£425 pcm,194 days
PA11,7,0,£665 pcm,£710 pcm,230 days
PA12,2,1,£704 pcm,£704 pcm,23 days
PA13,8,0,£892 pcm,£813 pcm,323 days
PA14,14,1,£707 pcm,£450 pcm,190 days
PA15,34,4,£413 pcm,£385 pcm,161 days
PA16,28,2,£450 pcm,£450 pcm,124 days
PA17,3,1,£902 pcm,£780 pcm,49 days
PA18,2,0,£749 pcm,£749 pcm,249 days
PA19,15,1,£449 pcm,£425 pcm,140 days
PA20,0,0,-,-,-
PA21,0,0,-,-,-
PA22,0,0,-,-,-
PA23,18,2,£516 pcm,£463 pcm,124 days
PA24,0,0,-,-,-
PA25,0,0,-,-,-
PA26,0,0,-,-,-
PA27,2,1,£423 pcm,£423 pcm,50 days
PA28,1,0,£251 pcm,£251 pcm,95 days
PA29,0,0,-,-,-
PA30,0,0,-,-,-
PA31,2,1,Â£600 pcm,Â£600 pcm,13 days
PA32,0,0,-,-,-
PA33,0,0,-,-,-
PA34,0,0,-,-,-
PE1,183,39,Â£718 pcm,Â£672 pcm,92 days
PE2,108,34,Â£686 pcm,Â£624 pcm,119 days
PE3,62,18,Â£644 pcm,Â£650 pcm,110 days
PE4,36,9,Â£692 pcm,Â£693 pcm,60 days
PE5,7,3,Â£863 pcm,Â£901 pcm,114 days
PE6,29,5,Â£691 pcm,Â£675 pcm,68 days
PE7,94,31,Â£741 pcm,Â£693 pcm,90 days
PE8,36,12,"Â£1,623 pcm",Â£898 pcm,120 days
PE9,77,12,Â£918 pcm,Â£750 pcm,103 days
PE10,21,9,Â£725 pcm,Â£641 pcm,173 days
PE11,54,15,Â£578 pcm,Â£575 pcm,137 days
PE12,39,9,Â£713 pcm,Â£600 pcm,135 days
PE13,73,18,Â£619 pcm,Â£589 pcm,136 days
PE14,31,6,Â£750 pcm,Â£650 pcm,149 days
PE15,36,12,Â£699 pcm,Â£652 pcm,97 days
PE16,12,3,Â£811 pcm,Â£685 pcm,93 days
PE19,79,23,Â£850 pcm,Â£802 pcm,146 days
PE20,8,3,Â£692 pcm,Â£700 pcm,45 days
PH1,89,15,Â£547 pcm,Â£500 pcm,143 days
PH2,73,20,Â£591 pcm,Â£520 pcm,74 days
PH3,9,2,"Â£1,352 pcm",Â£823 pcm,164 days
PH4,1,0,Â£524 pcm,Â£524 pcm,95 days
PH5,2,0,Â£613 pcm,Â£613 pcm,51 days
PH6,0,0,-,-,-
PH7,26,9,Â£501 pcm,Â£466 pcm,35 days
PH8,3,3,Â£674 pcm,Â£800 pcm,4 days
PH9,2,1,Â£968 pcm,Â£968 pcm,153 days
PH10,13,4,Â£537 pcm,Â£451 pcm,36 days
PH11,4,2,Â£607 pcm,Â£639 pcm,63 days
PH12,2,0,Â£722 pcm,Â£722 pcm,71 days
PH13,4,3,Â£613 pcm,Â£626 pcm,12 days
PH14,3,1,Â£659 pcm,Â£650 pcm,246 days
PH15,0,0,-,-,-
PH16,0,0,-,-,-
PH17,0,0,-,-,-
PH18,0,0,-,-,-
PH19,0,0,-,-,-
PH20,0,0,-,-,-
PH21,1,0,Â£675 pcm,Â£675 pcm,22 days
PH22,0,0,-,-,-
PL1,180,33,Â£925 pcm,Â£625 pcm,184 days
PL2,70,15,Â£582 pcm,Â£576 pcm,190 days
PL3,53,14,Â£753 pcm,Â£650 pcm,188 days
PL4,344,44,"Â£1,248 pcm",Â£609 pcm,209 days
PL5,27,6,Â£568 pcm,Â£594 pcm,167 days
PL6,34,8,Â£605 pcm,Â£594 pcm,180 days
PL7,22,9,Â£716 pcm,Â£663 pcm,130 days
PL8,4,1,Â£711 pcm,Â£713 pcm,96 days
PL9,32,5,Â£783 pcm,Â£676 pcm,138 days
PL10,12,0,Â£716 pcm,Â£626 pcm,126 days
PL11,22,6,Â£699 pcm,Â£609 pcm,158 days
PL12,42,10,Â£747 pcm,Â£694 pcm,120 days
PL13,15,5,Â£635 pcm,Â£598 pcm,88 days
PL14,32,11,Â£618 pcm,Â£595 pcm,181 days
PL15,38,16,Â£627 pcm,Â£603 pcm,66 days
PL16,4,0,Â£838 pcm,Â£863 pcm,103 days
PL17,17,3,Â£812 pcm,Â£693 pcm,131 days
PL18,9,1,Â£724 pcm,Â£600 pcm,136 days
PO1,282,34,"Â£1,075 pcm",Â£949 pcm,218 days
PO2,105,25,Â£729 pcm,Â£724 pcm,155 days
PO3,20,6,Â£822 pcm,Â£778 pcm,121 days
PO4,333,45,"Â£1,225 pcm","Â£1,200 pcm",223 days
PO5,370,54,"Â£1,174 pcm",Â£975 pcm,197 days
PO6,36,11,"Â£1,052 pcm",Â£999 pcm,148 days
PO7,51,12,Â£851 pcm,Â£823 pcm,123 days
PO8,24,8,Â£913 pcm,Â£885 pcm,117 days
PO9,45,10,Â£966 pcm,Â£897 pcm,164 days
PO10,28,8,"Â£1,075 pcm",Â£991 pcm,128 days
PO11,29,2,Â£843 pcm,Â£725 pcm,110 days
PO12,76,14,Â£756 pcm,Â£750 pcm,202 days
PO13,45,7,Â£811 pcm,Â£802 pcm,164 days
PO14,42,8,"Â£1,217 pcm",Â£912 pcm,138 days
PO15,29,9,Â£922 pcm,Â£895 pcm,111 days
PO16,40,10,Â£844 pcm,Â£776 pcm,157 days
PO17,14,4,Â£963 pcm,Â£850 pcm,95 days
PR0,0,0,-,-,-
PR1,862,55,Â£693 pcm,Â£502 pcm,255 days
PR2,335,40,Â£644 pcm,Â£550 pcm,237 days
PR3,49,12,Â£702 pcm,Â£598 pcm,105 days
PR4,72,13,Â£685 pcm,Â£595 pcm,99 days
PR5,74,17,Â£597 pcm,Â£550 pcm,168 days
PR6,57,14,Â£635 pcm,Â£550 pcm,246 days
RG1,603,89,Â£954 pcm,Â£850 pcm,200 days
RG2,192,23,"Â£1,022 pcm",Â£896 pcm,147 days
RG4,112,19,"Â£1,253 pcm","Â£1,173 pcm",164 days
RG5,23,6,"Â£1,192 pcm","Â£1,144 pcm",115 days
RG6,171,23,"Â£1,174 pcm",Â£900 pcm,168 days
RG7,60,9,"Â£1,248 pcm","Â£1,073 pcm",153 days
RG8,45,11,"Â£1,902 pcm","Â£1,395 pcm",128 days
RG9,128,16,"Â£2,213 pcm","Â£1,672 pcm",172 days
RG10,46,10,"Â£1,224 pcm","Â£1,100 pcm",206 days
RG12,132,15,"Â£1,070 pcm",Â£975 pcm,248 days
RG14,120,33,"Â£1,061 pcm",Â£949 pcm,113 days
RG17,45,4,"Â£1,106 pcm",Â£949 pcm,176 days
RG18,27,5,"Â£1,610 pcm","Â£1,452 pcm",113 days
RG19,31,7,"Â£1,148 pcm","Â£1,101 pcm",70 days
RG20,29,10,"Â£1,434 pcm","Â£1,300 pcm",100 days
RH1,166,32,"Â£1,103 pcm","Â£1,049 pcm",151 days
RH2,68,13,"Â£1,547 pcm","Â£1,298 pcm",196 days
RH3,8,0,"Â£1,553 pcm","Â£1,475 pcm",391 days
RH4,45,13,"Â£1,521 pcm","Â£1,200 pcm",155 days
RH5,35,5,"Â£2,528 pcm","Â£1,452 pcm",127 days
RH6,68,15,"Â£1,129 pcm",Â£975 pcm,124 days
RH7,15,1,"Â£1,162 pcm","Â£1,200 pcm",244 days
RH8,28,6,"Â£1,780 pcm","Â£1,300 pcm",128 days
RH9,8,2,"Â£1,031 pcm",Â£925 pcm,103 days
RH10,173,53,"Â£1,048 pcm","Â£1,001 pcm",139 days
RH11,110,28,Â£952 pcm,Â£912 pcm,125 days
RM1,101,24,"Â£1,111 pcm","Â£1,101 pcm",138 days
RM2,40,10,"Â£1,297 pcm","Â£1,200 pcm",112 days
RM3,96,18,"Â£1,295 pcm","Â£1,250 pcm",142 days
RM4,10,2,"Â£1,781 pcm","Â£1,900 pcm",169 days
RM5,44,11,"Â£1,230 pcm","Â£1,200 pcm",90 days
RM6,196,34,"Â£1,227 pcm","Â£1,200 pcm",142 days
RM7,81,25,"Â£1,169 pcm","Â£1,096 pcm",120 days
RM8,168,25,"Â£1,336 pcm","Â£1,326 pcm",144 days
RM9,86,10,"Â£1,256 pcm","Â£1,300 pcm",175 days
RM10,151,20,"Â£1,274 pcm","Â£1,250 pcm",194 days
S1,217,23,Â£730 pcm,Â£650 pcm,232 days
S2,352,31,Â£781 pcm,Â£575 pcm,194 days
S3,390,52,Â£658 pcm,Â£607 pcm,142 days
S4,27,4,Â£506 pcm,Â£494 pcm,179 days
S5,67,14,Â£498 pcm,Â£511 pcm,171 days
S6,155,32,Â£804 pcm,Â£598 pcm,165 days
S7,80,10,Â£670 pcm,Â£550 pcm,213 days
S8,57,10,Â£565 pcm,Â£550 pcm,171 days
S9,28,3,Â£651 pcm,Â£510 pcm,163 days
S10,189,25,Â£932 pcm,Â£700 pcm,189 days
S11,168,22,Â£843 pcm,Â£750 pcm,186 days
S12,26,4,Â£573 pcm,Â£576 pcm,252 days
S13,20,3,Â£505 pcm,Â£507 pcm,190 days
S14,7,2,Â£592 pcm,Â£485 pcm,118 days
S17,14,3,Â£792 pcm,Â£672 pcm,102 days
S18,22,8,Â£649 pcm,Â£650 pcm,169 days
S20,28,8,Â£544 pcm,Â£550 pcm,127 days
S21,30,7,Â£547 pcm,Â£495 pcm,147 days
S25,34,5,Â£487 pcm,Â£486 pcm,254 days
S26,12,2,Â£498 pcm,Â£464 pcm,184 days
S32,11,0,Â£817 pcm,Â£795 pcm,158 days
S33,4,0,Â£855 pcm,Â£885 pcm,68 days
S35,52,7,Â£620 pcm,Â£585 pcm,134 days
S36,32,6,Â£501 pcm,Â£513 pcm,198 days
S40,77,13,Â£574 pcm,Â£500 pcm,139 days
S41,66,16,Â£529 pcm,Â£494 pcm,128 days
SA1,391,51,Â£815 pcm,Â£625 pcm,180 days
SA2,113,25,Â£762 pcm,Â£576 pcm,237 days
SA3,39,11,"Â£1,042 pcm",Â£849 pcm,137 days
SA4,36,9,Â£524 pcm,Â£522 pcm,125 days
SA5,37,3,Â£516 pcm,Â£498 pcm,154 days
SA6,52,10,Â£513 pcm,Â£494 pcm,114 days
SA7,10,2,Â£589 pcm,Â£560 pcm,87 days
SA8,9,1,Â£489 pcm,Â£550 pcm,389 days
SA9,11,2,Â£449 pcm,Â£451 pcm,157 days
SA10,17,4,Â£543 pcm,Â£550 pcm,140 days
SA11,33,13,Â£497 pcm,Â£477 pcm,70 days
SA12,19,4,Â£463 pcm,Â£451 pcm,51 days
SA13,25,6,Â£519 pcm,Â£524 pcm,135 days
SA14,26,9,Â£541 pcm,Â£494 pcm,134 days
SA15,58,12,Â£529 pcm,Â£494 pcm,177 days
SA16,9,3,Â£506 pcm,Â£494 pcm,50 days
SA17,14,2,Â£548 pcm,Â£496 pcm,86 days
SA18,38,6,Â£511 pcm,Â£495 pcm,169 days
SA19,22,3,Â£459 pcm,Â£438 pcm,136 days
SA20,4,1,Â£424 pcm,Â£450 pcm,189 days
SA31,54,12,Â£491 pcm,Â£451 pcm,118 days
SA32,10,2,Â£576 pcm,Â£588 pcm,93 days
SA33,22,5,Â£518 pcm,Â£495 pcm,74 days
SA34,5,1,Â£484 pcm,Â£524 pcm,183 days
SA35,0,0,-,-,-
SA36,0,0,-,-,-
SE1,"1,349",239,"£2,725 pcm","£2,149 pcm",160 days
SE2,76,22,"£1,151 pcm","£1,300 pcm",77 days
SE3,294,59,"£1,597 pcm","£1,400 pcm",108 days
SE4,127,21,"£1,552 pcm","£1,450 pcm",116 days
SE5,204,39,"Â£1,857 pcm","Â£1,599 pcm",148 days
SE6,231,46,"Â£1,128 pcm","Â£1,100 pcm",122 days
SE7,95,13,"Â£1,405 pcm","Â£1,350 pcm",198 days
SE8,245,50,"Â£1,531 pcm","Â£1,452 pcm",168 days
SE9,130,33,"Â£1,229 pcm","Â£1,200 pcm",100 days
SE10,404,64,"Â£1,828 pcm","Â£1,647 pcm",149 days
SE11,131,31,"Â£1,882 pcm","Â£1,755 pcm",138 days
SE12,112,30,"Â£1,193 pcm","Â£1,200 pcm",101 days
SE13,310,80,"Â£1,333 pcm","Â£1,300 pcm",106 days
SE14,129,35,"Â£1,411 pcm","Â£1,248 pcm",115 days
SG1,118,30,Â£888 pcm,Â£925 pcm,132 days
SG2,43,12,Â£855 pcm,Â£849 pcm,86 days
SG3,13,5,"Â£1,333 pcm",Â£949 pcm,103 days
SG4,58,21,"Â£1,210 pcm","Â£1,050 pcm",61 days
SG5,61,15,"Â£1,148 pcm","Â£1,096 pcm",54 days
SG6,38,6,"Â£1,083 pcm",Â£908 pcm,127 days
SG7,20,6,"Â£1,088 pcm",Â£910 pcm,90 days
SG8,44,12,"Â£1,178 pcm","Â£1,038 pcm",88 days
SG9,12,3,"Â£1,598 pcm","Â£1,235 pcm",73 days
SG10,7,4,"Â£1,270 pcm","Â£1,295 pcm",111 days
SK1,26,10,Â£601 pcm,Â£598 pcm,131 days
SK2,47,9,Â£627 pcm,Â£594 pcm,117 days
SK3,49,16,Â£683 pcm,Â£650 pcm,92 days
SK4,75,20,Â£744 pcm,Â£650 pcm,101 days
SK5,42,13,Â£631 pcm,Â£638 pcm,138 days
SK6,43,13,Â£930 pcm,Â£775 pcm,96 days
SK7,69,18,"Â£1,003 pcm",Â£765 pcm,158 days
SK8,84,13,"Â£1,069 pcm",Â£899 pcm,104 days
SK9,223,48,"Â£1,838 pcm","Â£1,295 pcm",126 days
SK10,99,17,"Â£1,424 pcm",Â£849 pcm,175 days
SL0,39,4,"Â£1,576 pcm","Â£1,300 pcm",222 days
SL1,401,63,"Â£1,082 pcm","Â£1,000 pcm",178 days
SL2,151,23,"Â£1,435 pcm","Â£1,148 pcm",222 days
SL3,181,43,"Â£1,266 pcm","Â£1,200 pcm",135 days
SL4,315,43,"Â£2,124 pcm","Â£1,595 pcm",197 days
SL5,285,30,"Â£4,327 pcm","Â£2,999 pcm",203 days
SM1,195,39,"Â£1,176 pcm","Â£1,148 pcm",126 days
SM2,137,37,"Â£1,382 pcm","Â£1,148 pcm",121 days
SM3,38,9,"Â£1,146 pcm","Â£1,198 pcm",123 days
SM4,97,29,"Â£1,272 pcm","Â£1,274 pcm",101 days
SN1,233,47,Â£717 pcm,Â£693 pcm,138 days
SN2,107,21,Â£668 pcm,Â£702 pcm,116 days
SN3,46,12,Â£840 pcm,Â£836 pcm,161 days
SN4,27,4,Â£931 pcm,Â£724 pcm,162 days
SN5,55,17,Â£796 pcm,Â£725 pcm,124 days
SN6,24,4,"Â£1,328 pcm",Â£863 pcm,64 days
SN7,28,3,"Â£1,576 pcm","Â£1,025 pcm",166 days
SN8,52,12,"Â£1,258 pcm","Â£1,148 pcm",140 days
SN9,10,1,"Â£1,261 pcm","Â£1,250 pcm",38 days
SN10,19,5,Â£811 pcm,Â£724 pcm,171 days
SO14,398,57,"Â£1,219 pcm","Â£1,019 pcm",239 days
SO15,399,63,Â£935 pcm,Â£750 pcm,234 days
SO16,190,30,"Â£1,152 pcm",Â£996 pcm,206 days
SO17,298,34,"Â£1,189 pcm","Â£1,050 pcm",252 days
SO18,59,19,Â£721 pcm,Â£693 pcm,100 days
SO19,90,22,Â£778 pcm,Â£710 pcm,147 days
SO20,14,1,"Â£1,595 pcm","Â£1,274 pcm",187 days
SO21,42,6,"Â£1,720 pcm","Â£1,200 pcm",244 days
SO22,100,21,"Â£1,498 pcm","Â£1,235 pcm",198 days
SO23,134,22,"Â£1,537 pcm","Â£1,200 pcm",187 days
SO24,27,5,"Â£1,475 pcm","Â£1,250 pcm",231 days
SO25,0,0,-,-,-
SO30,47,13,Â£916 pcm,Â£815 pcm,134 days
SP1,50,13,Â£913 pcm,Â£785 pcm,95 days
SP2,66,21,Â£910 pcm,Â£750 pcm,77 days
SP3,15,4,"Â£1,201 pcm",Â£850 pcm,93 days
SP4,48,11,Â£995 pcm,Â£898 pcm,126 days
SP5,30,3,"Â£1,516 pcm",Â£885 pcm,182 days
SP6,18,5,"Â£1,191 pcm",Â£963 pcm,117 days
SR1,145,17,Â£525 pcm,Â£477 pcm,187 days
SR2,330,18,Â£660 pcm,Â£451 pcm,222 days
SR3,41,9,Â£563 pcm,Â£495 pcm,104 days
SR4,239,25,Â£513 pcm,Â£451 pcm,225 days
SR5,95,12,Â£474 pcm,Â£450 pcm,150 days
SS0,164,49,Â£820 pcm,Â£750 pcm,126 days
SS1,100,28,Â£870 pcm,Â£750 pcm,145 days
SS2,59,13,Â£833 pcm,Â£775 pcm,118 days
SS3,28,7,"Â£1,004 pcm",Â£873 pcm,165 days
SS4,22,10,Â£892 pcm,Â£895 pcm,80 days
SS5,6,2,"Â£1,186 pcm","Â£1,225 pcm",24 days
SS6,37,12,"Â£1,118 pcm","Â£1,050 pcm",77 days
SS7,53,10,Â£950 pcm,Â£925 pcm,98 days
SS8,16,3,Â£918 pcm,Â£866 pcm,186 days
SS9,93,24,"Â£1,057 pcm",Â£975 pcm,114 days
ST1,102,20,Â£485 pcm,Â£451 pcm,146 days
ST2,24,11,Â£489 pcm,Â£495 pcm,56 days
ST3,43,10,Â£487 pcm,Â£475 pcm,173 days
ST4,233,41,Â£555 pcm,Â£451 pcm,135 days
ST5,204,35,Â£709 pcm,Â£576 pcm,164 days
ST6,113,18,Â£455 pcm,Â£425 pcm,135 days
ST7,42,7,Â£562 pcm,Â£550 pcm,108 days
ST8,14,1,Â£613 pcm,Â£538 pcm,200 days
ST9,5,0,"Â£1,706 pcm",Â£693 pcm,61 days
ST10,27,5,Â£530 pcm,Â£524 pcm,200 days
ST11,9,1,Â£689 pcm,Â£451 pcm,137 days
SW1,"2,385",281,"Â£5,858 pcm","Â£3,445 pcm",210 days
SW2,497,116,"Â£1,703 pcm","Â£1,560 pcm",166 days
SW3,"1,842",165,"Â£4,556 pcm","Â£3,250 pcm",237 days
SW4,490,138,"Â£2,258 pcm","Â£1,842 pcm",141 days
SW5,716,90,"Â£2,932 pcm","Â£2,232 pcm",183 days
SW6,"1,374",211,"Â£3,195 pcm","Â£2,383 pcm",157 days
SW7,"1,432",132,"Â£6,849 pcm","Â£3,900 pcm",247 days
SW8,852,133,"Â£2,569 pcm","Â£2,167 pcm",128 days
SW9,394,73,"Â£1,791 pcm","Â£1,625 pcm",177 days
SW10,996,90,"Â£4,340 pcm","Â£3,943 pcm",189 days
SW11,"1,085",222,"Â£2,594 pcm","Â£2,149 pcm",122 days
SY1,63,20,Â£614 pcm,Â£595 pcm,121 days
SY2,33,11,Â£586 pcm,Â£594 pcm,138 days
SY3,62,21,Â£635 pcm,Â£595 pcm,168 days
SY4,48,9,Â£616 pcm,Â£576 pcm,97 days
SY5,27,5,Â£804 pcm,Â£650 pcm,107 days
SY6,17,5,Â£878 pcm,Â£810 pcm,94 days
SY7,16,3,Â£644 pcm,Â£638 pcm,154 days
SY8,27,4,Â£628 pcm,Â£550 pcm,131 days
SY9,6,0,Â£820 pcm,Â£562 pcm,130 days
SY10,8,0,Â£702 pcm,Â£658 pcm,129 days
SY11,38,9,Â£521 pcm,Â£495 pcm,57 days
SY12,15,2,Â£645 pcm,Â£550 pcm,67 days
SY13,33,6,Â£612 pcm,Â£524 pcm,171 days
TA1,109,30,Â£594 pcm,Â£575 pcm,137 days
TA2,43,16,Â£628 pcm,Â£620 pcm,146 days
TA3,10,3,Â£985 pcm,"Â£1,096 pcm",116 days
TA4,39,9,Â£908 pcm,Â£776 pcm,172 days
TA5,13,3,Â£968 pcm,Â£895 pcm,103 days
TA6,60,15,Â£595 pcm,Â£597 pcm,81 days
TA7,10,0,"Â£1,746 pcm",Â£847 pcm,247 days
TA8,11,2,Â£725 pcm,Â£785 pcm,107 days
TA9,15,1,Â£718 pcm,Â£620 pcm,89 days
TA10,7,4,Â£656 pcm,Â£585 pcm,14 days
TA11,5,1,"Â£1,183 pcm",Â£693 pcm,60 days
TA12,11,2,Â£769 pcm,Â£675 pcm,159 days
TD1,30,4,Â£671 pcm,Â£487 pcm,194 days
TD2,0,0,-,-,-
TD3,0,0,-,-,-
TD4,1,0,Â£520 pcm,Â£520 pcm,333 days
TD5,14,3,Â£649 pcm,Â£495 pcm,122 days
TD6,9,0,Â£486 pcm,Â£450 pcm,241 days
TD7,19,5,Â£518 pcm,Â£475 pcm,100 days
TD8,6,2,Â£467 pcm,Â£340 pcm,177 days
TF1,129,32,Â£579 pcm,Â£576 pcm,121 days
TF2,78,16,Â£582 pcm,Â£576 pcm,136 days
TF3,73,19,Â£543 pcm,Â£524 pcm,92 days
TF4,43,8,Â£604 pcm,Â£559 pcm,148 days
TF5,3,1,Â£563 pcm,Â£563 pcm,292 days
TF6,3,0,"Â£1,383 pcm","Â£1,400 pcm",155 days
TF7,56,15,Â£541 pcm,Â£550 pcm,100 days
TN1,79,19,"Â£1,040 pcm",Â£949 pcm,154 days
TN2,74,13,"Â£1,281 pcm","Â£1,174 pcm",151 days
TN3,28,5,"Â£2,286 pcm","Â£1,925 pcm",228 days
TN4,71,11,"Â£1,353 pcm","Â£1,027 pcm",197 days
TN5,17,3,"Â£1,859 pcm","Â£1,751 pcm",234 days
TN6,21,4,"Â£1,105 pcm",Â£923 pcm,190 days
TN7,10,1,"Â£3,329 pcm","Â£2,598 pcm",159 days
TN8,29,6,"Â£1,531 pcm","Â£1,350 pcm",102 days
TN9,60,8,"Â£1,044 pcm",Â£997 pcm,142 days
TN10,13,1,"Â£1,454 pcm","Â£1,352 pcm",55 days
TN11,24,1,"Â£1,753 pcm","Â£1,573 pcm",151 days
TN12,45,10,"Â£1,472 pcm","Â£1,250 pcm",171 days
TN13,133,34,"Â£1,725 pcm","Â£1,352 pcm",93 days
TN14,45,11,"Â£2,198 pcm","Â£1,798 pcm",95 days
TN15,57,18,"Â£2,164 pcm","Â£1,750 pcm",97 days
TN16,34,4,"Â£1,493 pcm","Â£1,300 pcm",202 days
TN17,20,3,"Â£1,256 pcm",Â£973 pcm,142 days
TN18,10,0,"Â£1,733 pcm","Â£1,396 pcm",156 days
TN19,3,0,Â£949 pcm,Â£849 pcm,114 days
TN20,7,0,"Â£1,574 pcm","Â£1,820 pcm",159 days
TQ1,153,40,Â£667 pcm,Â£598 pcm,136 days
TQ2,128,23,Â£588 pcm,Â£576 pcm,164 days
TQ3,68,11,Â£716 pcm,Â£627 pcm,158 days
TQ4,63,11,Â£581 pcm,Â£550 pcm,186 days
TQ5,26,10,Â£750 pcm,Â£685 pcm,90 days
TQ6,29,2,Â£862 pcm,Â£750 pcm,151 days
TQ7,26,11,Â£715 pcm,Â£685 pcm,71 days
TR1,63,20,Â£741 pcm,Â£700 pcm,167 days
TR2,17,7,Â£774 pcm,Â£775 pcm,154 days
TR3,13,3,Â£972 pcm,Â£895 pcm,87 days
TR4,18,10,Â£962 pcm,Â£701 pcm,207 days
TR5,9,2,Â£841 pcm,Â£849 pcm,84 days
TR6,9,5,Â£879 pcm,Â£800 pcm,103 days
TR7,71,32,Â£715 pcm,Â£676 pcm,83 days
TR8,8,1,"Â£1,038 pcm",Â£963 pcm,95 days
TR9,6,1,Â£717 pcm,Â£722 pcm,101 days
TR10,32,8,"Â£1,018 pcm",Â£824 pcm,146 days
TR11,52,17,"Â£1,035 pcm",Â£936 pcm,149 days
TR12,11,4,Â£863 pcm,Â£823 pcm,204 days
TR13,27,6,Â£747 pcm,Â£750 pcm,130 days
TR14,30,7,Â£632 pcm,Â£676 pcm,84 days
TS1,253,18,Â£496 pcm,Â£386 pcm,204 days
TS2,11,2,Â£494 pcm,Â£550 pcm,80 days
TS3,60,6,Â£437 pcm,Â£440 pcm,204 days
TS4,50,7,Â£517 pcm,Â£477 pcm,196 days
TS5,107,11,Â£535 pcm,Â£500 pcm,153 days
TS6,44,4,Â£463 pcm,Â£463 pcm,120 days
TS7,34,5,Â£591 pcm,Â£550 pcm,110 days
TS8,29,6,Â£590 pcm,Â£550 pcm,107 days
TS9,34,4,Â£631 pcm,Â£625 pcm,126 days
TS10,81,9,Â£470 pcm,Â£450 pcm,115 days
TS11,15,1,Â£555 pcm,Â£550 pcm,226 days
TS12,46,10,Â£431 pcm,Â£398 pcm,213 days
TS13,32,2,Â£399 pcm,Â£395 pcm,206 days
TS14,48,7,Â£562 pcm,Â£524 pcm,109 days
TS15,42,6,Â£687 pcm,Â£625 pcm,185 days
TW1,299,47,"Â£2,088 pcm","Â£1,550 pcm",145 days
TW2,115,21,"Â£1,766 pcm","Â£1,495 pcm",113 days
TW3,343,97,"Â£1,273 pcm","Â£1,226 pcm",105 days
TW4,117,24,"Â£1,170 pcm","Â£1,200 pcm",170 days
TW5,142,26,"Â£1,182 pcm","Â£1,200 pcm",160 days
TW6,0,0,-,-,-
TW7,310,64,"Â£1,383 pcm","Â£1,274 pcm",99 days
TW8,306,47,"Â£1,901 pcm","Â£1,651 pcm",156 days
TW9,295,38,"Â£2,622 pcm","Â£2,100 pcm",163 days
TW10,228,29,"Â£2,905 pcm","Â£2,200 pcm",193 days
UB1,117,19,"Â£1,392 pcm","Â£1,352 pcm",119 days
UB2,129,33,"Â£1,406 pcm","Â£1,352 pcm",101 days
UB3,316,82,"Â£1,190 pcm","Â£1,200 pcm",147 days
UB4,147,21,"Â£1,248 pcm","Â£1,248 pcm",108 days
UB5,126,28,"Â£1,322 pcm","Â£1,300 pcm",101 days
UB6,191,34,"Â£1,307 pcm","Â£1,300 pcm",144 days
W1,"3,441",337,"Â£5,431 pcm","Â£3,445 pcm",229 days
W2,"2,690",370,"Â£3,444 pcm","Â£2,817 pcm",181 days
W3,998,110,"Â£1,793 pcm","Â£1,597 pcm",212 days
W4,710,116,"Â£2,516 pcm","Â£1,907 pcm",200 days
W5,"1,121",158,"Â£2,020 pcm","Â£1,699 pcm",180 days
W6,961,127,"Â£2,634 pcm","Â£2,427 pcm",161 days
W7,105,29,"Â£1,513 pcm","Â£1,400 pcm",144 days
WA1,64,10,Â£536 pcm,Â£530 pcm,176 days
WA2,72,10,Â£610 pcm,Â£607 pcm,177 days
WA3,54,16,Â£590 pcm,Â£550 pcm,147 days
WA4,115,26,Â£821 pcm,Â£625 pcm,163 days
WA5,85,14,Â£652 pcm,Â£650 pcm,165 days
WA6,22,4,Â£713 pcm,Â£693 pcm,217 days
WA7,96,20,Â£534 pcm,Â£495 pcm,135 days
WA8,153,25,Â£600 pcm,Â£500 pcm,150 days
WA9,114,17,Â£499 pcm,Â£451 pcm,138 days
WC1,675,106,"Â£2,449 pcm","Â£2,167 pcm",194 days
WD3,95,21,"Â£1,831 pcm","Â£1,250 pcm",129 days
WD4,37,10,"Â£1,546 pcm","Â£1,250 pcm",138 days
WD5,22,5,"Â£1,347 pcm","Â£1,226 pcm",88 days
WD6,80,11,"Â£1,616 pcm","Â£1,248 pcm",134 days
WD7,34,6,"Â£3,394 pcm","Â£2,572 pcm",106 days
WD17,163,32,"Â£1,185 pcm",Â£975 pcm,141 days
WF1,126,23,Â£576 pcm,Â£498 pcm,170 days
WF2,46,10,Â£547 pcm,Â£495 pcm,159 days
WF3,36,15,Â£623 pcm,Â£550 pcm,128 days
WF4,42,12,Â£570 pcm,Â£550 pcm,114 days
WF5,22,3,Â£549 pcm,Â£476 pcm,216 days
WF6,23,2,Â£551 pcm,Â£550 pcm,183 days
WF7,35,8,Â£581 pcm,Â£524 pcm,149 days
WF8,61,9,Â£529 pcm,Â£477 pcm,133 days
WF9,74,14,Â£533 pcm,Â£468 pcm,114 days
WN1,71,13,Â£473 pcm,Â£451 pcm,145 days
WN2,87,20,Â£476 pcm,Â£451 pcm,105 days
WN3,34,8,Â£514 pcm,Â£495 pcm,134 days
WN4,31,7,Â£502 pcm,Â£498 pcm,167 days
WR1,61,16,Â£607 pcm,Â£576 pcm,154 days
WR2,51,12,Â£754 pcm,Â£485 pcm,167 days
WR3,23,5,Â£794 pcm,Â£650 pcm,116 days
WR4,26,8,Â£615 pcm,Â£624 pcm,109 days
WR5,50,17,Â£694 pcm,Â£676 pcm,93 days
WR6,6,0,Â£711 pcm,Â£723 pcm,347 days
WR7,3,0,"Â£1,132 pcm",Â£802 pcm,68 days
WR8,11,2,Â£864 pcm,Â£559 pcm,24 days
WS1,86,13,Â£500 pcm,Â£451 pcm,177 days
WS2,94,18,Â£484 pcm,Â£492 pcm,101 days
WS3,53,12,Â£523 pcm,Â£494 pcm,113 days
WS4,19,4,Â£566 pcm,Â£546 pcm,115 days
WS5,19,5,Â£753 pcm,Â£700 pcm,175 days
WS6,13,4,Â£566 pcm,Â£550 pcm,52 days
WS7,17,5,Â£649 pcm,Â£675 pcm,138 days
WS8,12,5,Â£626 pcm,Â£637 pcm,125 days
WV1,86,8,Â£544 pcm,Â£477 pcm,173 days
WV2,48,7,Â£520 pcm,Â£512 pcm,272 days
WV3,125,16,Â£518 pcm,Â£485 pcm,159 days
WV4,70,12,Â£714 pcm,Â£598 pcm,275 days
WV5,21,6,"Â£1,031 pcm",Â£650 pcm,95 days
WV6,136,21,Â£600 pcm,Â£511 pcm,165 days
WV7,4,0,Â£875 pcm,Â£651 pcm,256 days
WV8,18,1,Â£758 pcm,Â£690 pcm,190 days
WV9,18,6,Â£504 pcm,Â£429 pcm,183 days
YO1,43,17,Â£893 pcm,Â£849 pcm,86 days
YO7,42,14,Â£629 pcm,Â£576 pcm,187 days
YO8,80,14,Â£577 pcm,Â£550 pcm,148 days
YO10,57,12,Â£876 pcm,Â£802 pcm,135 days
YO11,65,14,Â£593 pcm,Â£498 pcm,130 days
YO12,62,10,Â£575 pcm,Â£525 pcm,121 days
YO13,3,1,Â£658 pcm,Â£700 pcm,209 days
YO14,14,5,Â£614 pcm,Â£563 pcm,150 days
YO15,30,9,Â£380 pcm,Â£360 pcm,92 days
YO16,21,8,Â£491 pcm,Â£450 pcm,35 days
YO17,33,10,Â£562 pcm,Â£550 pcm,111 days
YO18,16,4,Â£610 pcm,Â£526 pcm,126 days
YO19,20,4,"Â£1,311 pcm",Â£985 pcm,80 days
YO21,16,3,Â£541 pcm,Â£497 pcm,137 days
YO22,5,0,Â£769 pcm,Â£675 pcm,41 days
YO23,47,13,"Â£1,000 pcm",Â£897 pcm,166 days
ZE1,0,0,-,-,-
ZE2,0,0,-,-,-
BL1,173,29,Â£608 pcm,Â£494 pcm,170 days
NG11,40,12,Â£799 pcm,Â£663 pcm,169 days
SA37,1,0,Â£750 pcm,Â£750 pcm,236 days
